,Code,Name,Longitude,Latitude,Self-employment income: Number of individuals,Employment income: Number of individuals,Pension income: Number of individuals,Total income: Number of individuals,Total tax: Number of individuals,Total tax: Amount
0,E06000001,Hartlepool,-1.27017398779536,54.6761323913085,3000.0,34000.0,16000.0,46000.0,46000.0,195000000.0
1,E06000002,Middlesbrough,-1.21099807940313,54.5446790013875,4000.0,50000.0,13000.0,62000.0,62000.0,270000000.0
2,E06000003,Redcar and Cleveland,-1.00656526759467,54.5675202618822,5000.0,45000.0,19000.0,62000.0,62000.0,262000000.0
3,E06000004,Stockton-on-Tees,-1.3066458992346,54.5568759076187,7000.0,77000.0,27000.0,99000.0,99000.0,520000000.0
4,E06000005,Darlington,-1.56835597396882,54.5353447160818,4000.0,43000.0,18000.0,59000.0,59000.0,281000000.0
5,E06000006,Halton,-2.68853781448645,53.3342479420794,4000.0,55000.0,18000.0,69000.0,69000.0,342000000.0
6,E06000007,Warrington,-2.56167806038101,53.3916416280891,10000.0,93000.0,36000.0,123000.0,123000.0,784000000.0
7,E06000008,Blackburn with Darwen,-2.46361948728584,53.7008055684334,5000.0,56000.0,15000.0,69000.0,69000.0,278000000.0
8,E06000009,Blackpool,-3.02202517683391,53.8216419104146,5000.0,51000.0,21000.0,68000.0,68000.0,214000000.0
9,E06000010,"Kingston upon Hull, City of",-0.303855490134563,53.769213088188,8000.0,102000.0,27000.0,124000.0,124000.0,404000000.0
10,E06000011,East Riding of Yorkshire,-0.661958731987238,53.8811217480949,17000.0,138000.0,72000.0,196000.0,196000.0,1110000000.0
11,E06000012,North East Lincolnshire,-0.139110270904596,53.5232713049509,4000.0,62000.0,24000.0,81000.0,81000.0,331000000.0
12,E06000013,North Lincolnshire,-0.524076408952621,53.5864317438013,5000.0,70000.0,29000.0,93000.0,93000.0,415000000.0
13,E06000014,York,-1.07376818462332,53.9658335085599,10000.0,77000.0,34000.0,108000.0,108000.0,678000000.0
14,E06000015,Derby,-1.47186585051362,52.9146429913456,9000.0,101000.0,31000.0,129000.0,129000.0,573000000.0
15,E06000016,Leicester,-1.13040939636192,52.6359206524547,10000.0,135000.0,22000.0,156000.0,156000.0,540000000.0
16,E06000017,Rutland,-0.626308489110176,52.6676594057369,2000.0,16000.0,9000.0,23000.0,23000.0,202000000.0
17,E06000018,Nottingham,-1.16667589760183,52.9542040432354,11000.0,108000.0,25000.0,132000.0,132000.0,562000000.0
18,E06000019,"Herefordshire, County of",-2.73931185513188,52.0816211410206,14000.0,74000.0,41000.0,110000.0,110000.0,603000000.0
19,E06000020,Telford and Wrekin,-2.48941116624348,52.7141751272564,8000.0,80000.0,25000.0,102000.0,102000.0,461000000.0
20,E06000021,Stoke-on-Trent,-2.15888838538727,53.0170614775527,10000.0,97000.0,26000.0,120000.0,120000.0,427000000.0
21,E06000022,Bath and North East Somerset,-2.48657299954747,51.3560476859387,13000.0,74000.0,34000.0,107000.0,107000.0,881000000.0
22,E06000023,"Bristol, City of",-2.57742070034103,51.4711361428123,30000.0,210000.0,50000.0,263000.0,263000.0,1680000000.0
23,E06000024,North Somerset,-2.75438335403326,51.3970623952528,12000.0,90000.0,43000.0,128000.0,128000.0,881000000.0
24,E06000025,South Gloucestershire,-2.46926612493759,51.5467255473153,17000.0,135000.0,50000.0,180000.0,180000.0,1130000000.0
25,E06000026,Plymouth,-4.11299187689255,50.4049459944613,11000.0,109000.0,43000.0,144000.0,144000.0,615000000.0
26,E06000027,Torbay,-3.55523593606309,50.4709244728346,0.0,0.0,0.0,0.0,0.0,0.0
27,E06000030,Swindon,-1.73369256077325,51.5776478256202,11000.0,102000.0,27000.0,128000.0,128000.0,752000000.0
28,E06000031,Peterborough,-0.268744711722559,52.5921468066696,10000.0,88000.0,22000.0,109000.0,109000.0,576000000.0
29,E06000032,Luton,-0.423198401266845,51.8910219179292,14000.0,86000.0,15000.0,106000.0,106000.0,455000000.0
30,E06000033,Southend-on-Sea,0.706922585829193,51.5491761906351,10000.0,69000.0,27000.0,95000.0,95000.0,726000000.0
31,E06000034,Thurrock,0.334874161783657,51.509964607903,12000.0,75000.0,16000.0,95000.0,95000.0,550000000.0
32,E06000035,Medway,0.563173541123793,51.4477274679865,18000.0,115000.0,37000.0,152000.0,152000.0,839000000.0
33,E06000036,Bracknell Forest,-0.73364639396613,51.4112968265562,7000.0,58000.0,18000.0,74000.0,74000.0,693000000.0
34,E06000037,West Berkshire,-1.27367043194754,51.445593648316,10000.0,74000.0,26000.0,98000.0,98000.0,1020000000.0
35,E06000038,Reading,-0.990753199924279,51.4530154874339,8000.0,80000.0,16000.0,96000.0,96000.0,770000000.0
36,E06000039,Slough,-0.576175806292735,51.5035033907138,9000.0,68000.0,9000.0,79000.0,79000.0,468000000.0
37,E06000040,Windsor and Maidenhead,-0.675413634530745,51.4803430607076,9000.0,65000.0,25000.0,88000.0,88000.0,1440000000.0
38,E06000041,Wokingham,-0.899355512944487,51.4229689747344,9000.0,86000.0,29000.0,112000.0,112000.0,1360000000.0
39,E06000042,Milton Keynes,-0.740705275721632,52.0724178688124,13000.0,132000.0,32000.0,162000.0,162000.0,1170000000.0
40,E06000043,Brighton and Hove,-0.150813269489536,50.8465065516814,21000.0,115000.0,35000.0,152000.0,152000.0,1250000000.0
41,E06000044,Portsmouth,-1.07006189695009,50.8080038898522,11000.0,81000.0,24000.0,105000.0,105000.0,515000000.0
42,E06000045,Southampton,-1.39952838212175,50.9212059714217,12000.0,98000.0,27000.0,125000.0,125000.0,580000000.0
43,E06000046,Isle of Wight,-1.33366284616209,50.6712910497599,8000.0,46000.0,30000.0,73000.0,73000.0,327000000.0
44,E06000047,County Durham,-1.8404772882589,54.6851322480179,18000.0,189000.0,90000.0,264000.0,264000.0,1140000000.0
45,E06000049,Cheshire East,-2.29299595432117,53.1679301764093,22000.0,171000.0,76000.0,237000.0,237000.0,2250000000.0
46,E06000050,Cheshire West and Chester,-2.70298291032111,53.1633637523323,16000.0,144000.0,64000.0,198000.0,198000.0,1390000000.0
47,E06000051,Shropshire,-2.73667184190132,52.6220980784832,22000.0,130000.0,65000.0,188000.0,188000.0,1050000000.0
48,E06000052,Cornwall,-4.64254596062712,50.4502281526531,44000.0,205000.0,104000.0,305000.0,305000.0,1370000000.0
49,E06000053,Isles of Scilly,-6.30217399258523,49.9233284929922,0.0,0.0,0.0,0.0,0.0,0.0
50,E06000054,Wiltshire,-1.92655862080859,51.3288290863844,32000.0,214000.0,95000.0,294000.0,294000.0,2140000000.0
51,E06000055,Bedford,-0.454635133359749,52.1962883774032,10000.0,79000.0,24000.0,103000.0,103000.0,696000000.0
52,E06000056,Central Bedfordshire,-0.477543172607158,51.9990354098404,19000.0,138000.0,46000.0,182000.0,182000.0,1310000000.0
53,E06000057,Northumberland,-2.07521904678261,55.3003827264872,17000.0,124000.0,69000.0,182000.0,182000.0,1010000000.0
54,E06000058,"Bournemouth, Christchurch and Poole",-1.84807019945986,50.7460986610544,22000.0,155000.0,65000.0,217000.0,217000.0,1300000000.0
55,E06000059,Dorset,-2.41459070623791,50.7969795462014,26000.0,142000.0,86000.0,216000.0,216000.0,1310000000.0
56,E06000060,Buckinghamshire,-0.805738698579926,51.7696703923299,38000.0,249000.0,97000.0,340000.0,340000.0,4220000000.0
57,E06000061,North Northamptonshire,-0.625048760160605,52.425473283927,19000.0,155000.0,48000.0,199000.0,199000.0,1140000000.0
58,E06000062,West Northamptonshire,-1.01682928407167,52.2689888024008,29000.0,188000.0,56000.0,247000.0,247000.0,1660000000.0
59,E06000063,Cumberland,-3.30816235217549,54.6857570860653,11000.0,112000.0,50000.0,152000.0,152000.0,732000000.0
60,E06000064,Westmorland and Furness,-2.71336711357468,54.4917039615607,17000.0,95000.0,50000.0,137000.0,137000.0,712000000.0
61,E06000065,North Yorkshire,-1.55033500566127,54.093702115532,41000.0,254000.0,126000.0,366000.0,366000.0,2460000000.0
62,E06000066,Somerset,-3.29604191350902,51.0718326176882,40000.0,217000.0,110000.0,318000.0,318000.0,1710000000.0
63,E07000008,Cambridge,0.126436151186008,52.2001770908693,8000.0,62000.0,13000.0,76000.0,76000.0,1000000000.0
64,E07000009,East Cambridgeshire,0.28314876952249,52.3578848141666,6000.0,40000.0,13000.0,51000.0,51000.0,423000000.0
65,E07000010,Fenland,0.00892741176408,52.5354495483393,5000.0,41000.0,18000.0,57000.0,57000.0,240000000.0
66,E07000011,Huntingdonshire,-0.224703767882458,52.3531459292769,11000.0,82000.0,32000.0,112000.0,112000.0,805000000.0
67,E07000012,South Cambridgeshire,0.091017240925655,52.1080566113918,10000.0,77000.0,28000.0,102000.0,102000.0,1260000000.0
68,E07000032,Amber Valley,-1.46219917450327,53.0288452628082,6000.0,54000.0,25000.0,74000.0,74000.0,425000000.0
69,E07000033,Bolsover,-1.27228091307556,53.238748420491,4000.0,31000.0,12000.0,42000.0,42000.0,185000000.0
70,E07000034,Chesterfield,-1.40115519433631,53.2557439349675,4000.0,42000.0,19000.0,58000.0,58000.0,232000000.0
71,E07000035,Derbyshire Dales,-1.7070891723424,53.1232752627006,5000.0,28000.0,18000.0,44000.0,44000.0,331000000.0
72,E07000036,Erewash,-1.35089307667117,52.9381901123034,5000.0,45000.0,17000.0,60000.0,60000.0,280000000.0
73,E07000037,High Peak,-1.84400422408464,53.3856354715472,6000.0,38000.0,17000.0,54000.0,54000.0,298000000.0
74,E07000038,North East Derbyshire,-1.44253875948231,53.1624324901245,5000.0,39000.0,20000.0,56000.0,56000.0,290000000.0
75,E07000039,South Derbyshire,-1.53480907760412,52.8249028880384,5000.0,51000.0,20000.0,68000.0,68000.0,430000000.0
76,E07000040,East Devon,-3.22363999660262,50.757617015752,11000.0,57000.0,40000.0,92000.0,92000.0,518000000.0
77,E07000041,Exeter,-3.51368599996256,50.717824409715,6000.0,52000.0,18000.0,68000.0,68000.0,355000000.0
78,E07000042,Mid Devon,-3.59210694292259,50.8688402974727,7000.0,32000.0,16000.0,46000.0,46000.0,397000000.0
79,E07000043,North Devon,-3.92688791561546,51.0762190346373,10000.0,38000.0,18000.0,56000.0,56000.0,265000000.0
80,E07000044,South Hams,-3.82001679703608,50.3719794129575,8000.0,29000.0,20000.0,49000.0,49000.0,323000000.0
81,E07000045,Teignbridge,-3.65289540722717,50.6098105981533,10000.0,53000.0,31000.0,79000.0,79000.0,397000000.0
82,E07000046,Torridge,-4.21728635469926,50.9073911934943,7000.0,22000.0,15000.0,36000.0,36000.0,146000000.0
83,E07000047,West Devon,-4.0335881654355,50.6648286522796,4000.0,18000.0,15000.0,31000.0,31000.0,164000000.0
84,E07000061,Eastbourne,0.258515981243561,50.773870570217,7000.0,36000.0,20000.0,55000.0,55000.0,260000000.0
85,E07000062,Hastings,0.578395325017467,50.8672443509626,6000.0,33000.0,10000.0,43000.0,43000.0,190000000.0
86,E07000063,Lewes,0.007657596822369,50.8334279628163,8000.0,38000.0,21000.0,57000.0,57000.0,434000000.0
87,E07000064,Rother,0.542936999240824,50.9487187577023,7000.0,29000.0,21000.0,48000.0,48000.0,334000000.0
88,E07000065,Wealden,0.205155925768973,50.9332372335131,14000.0,63000.0,34000.0,96000.0,96000.0,858000000.0
89,E07000066,Basildon,0.475055882374355,51.5903781508125,12000.0,74000.0,21000.0,97000.0,97000.0,744000000.0
90,E07000067,Braintree,0.575912095086454,51.9163575686853,9000.0,65000.0,25000.0,89000.0,89000.0,668000000.0
91,E07000068,Brentwood,0.290091016557597,51.6410862267204,5000.0,32000.0,14000.0,45000.0,45000.0,662000000.0
92,E07000069,Castle Point,0.588127120437213,51.5615975681292,6000.0,34000.0,17000.0,51000.0,51000.0,345000000.0
93,E07000070,Chelmsford,0.491177396737577,51.7350377058698,12000.0,77000.0,26000.0,103000.0,103000.0,981000000.0
94,E07000071,Colchester,0.859819930516844,51.8770182918276,11000.0,80000.0,25000.0,105000.0,105000.0,737000000.0
95,E07000072,Epping Forest,0.15414620909656,51.7127876530521,11000.0,58000.0,21000.0,81000.0,81000.0,984000000.0
96,E07000073,Harlow,0.103888124020173,51.7661437918879,5000.0,40000.0,12000.0,52000.0,52000.0,281000000.0
97,E07000074,Maldon,0.773106274670609,51.774588494215,5000.0,25000.0,13000.0,39000.0,39000.0,275000000.0
98,E07000075,Rochford,0.683442280828215,51.590907990126,6000.0,33000.0,14000.0,48000.0,48000.0,401000000.0
99,E07000076,Tendring,1.10898138569975,51.8567446506979,9000.0,51000.0,32000.0,79000.0,79000.0,371000000.0
100,E07000077,Uttlesford,0.29449903453898,51.9359029584178,8000.0,40000.0,18000.0,57000.0,57000.0,689000000.0
101,E07000078,Cheltenham,-2.07515574123103,51.8986170954944,7000.0,53000.0,21000.0,72000.0,72000.0,568000000.0
102,E07000079,Cotswold,-1.97058182422681,51.7725558984666,8000.0,37000.0,21000.0,56000.0,56000.0,634000000.0
103,E07000080,Forest of Dean,-2.47755088228672,51.8124984959649,5000.0,31000.0,17000.0,46000.0,46000.0,223000000.0
104,E07000081,Gloucester,-2.23263428649607,51.8464156889982,6000.0,56000.0,20000.0,74000.0,74000.0,305000000.0
105,E07000082,Stroud,-2.30818743642594,51.7200132988574,9000.0,47000.0,23000.0,68000.0,68000.0,487000000.0
106,E07000083,Tewkesbury,-2.19997124067851,51.9348754857705,6000.0,41000.0,20000.0,60000.0,60000.0,413000000.0
107,E07000084,Basingstoke and Deane,-1.22023040521185,51.2593699264745,10000.0,89000.0,29000.0,115000.0,115000.0,1030000000.0
108,E07000085,East Hampshire,-0.939657389289195,51.0577479073151,10000.0,50000.0,24000.0,72000.0,72000.0,755000000.0
109,E07000086,Eastleigh,-1.32947565842014,50.9487647992106,9000.0,62000.0,24000.0,85000.0,85000.0,538000000.0
110,E07000087,Fareham,-1.23742841787042,50.8538849345984,7000.0,49000.0,22000.0,69000.0,69000.0,467000000.0
111,E07000088,Gosport,-1.16731249358875,50.8063647654429,4000.0,31000.0,13000.0,42000.0,42000.0,184000000.0
112,E07000089,Hart,-0.883215055810578,51.2819808623232,6000.0,45000.0,17000.0,60000.0,60000.0,745000000.0
113,E07000090,Havant,-1.00398790463242,50.8723157382528,7000.0,45000.0,26000.0,70000.0,70000.0,361000000.0
114,E07000091,New Forest,-1.59292962171103,50.8575106733702,10000.0,64000.0,42000.0,101000.0,101000.0,724000000.0
115,E07000092,Rushmoor,-0.768077299618687,51.2781554706676,5000.0,48000.0,10000.0,58000.0,58000.0,341000000.0
116,E07000093,Test Valley,-1.50214508071209,51.1341696633617,7000.0,60000.0,23000.0,81000.0,81000.0,724000000.0
117,E07000094,Winchester,-1.24393809144109,51.0300221183955,9000.0,55000.0,25000.0,77000.0,77000.0,991000000.0
118,E07000095,Broxbourne,-0.050733153230017,51.7208069555842,7000.0,41000.0,13000.0,54000.0,54000.0,373000000.0
119,E07000096,Dacorum,-0.550980768798414,51.7684533882072,11000.0,69000.0,24000.0,93000.0,93000.0,1030000000.0
120,E07000098,Hertsmere,-0.268990962924966,51.6801735759183,9000.0,45000.0,13000.0,59000.0,59000.0,785000000.0
121,E07000099,North Hertfordshire,-0.223160000623918,51.9573271426708,9000.0,59000.0,22000.0,80000.0,80000.0,815000000.0
122,E07000102,Three Rivers,-0.450052634909218,51.6563200983173,7000.0,44000.0,13000.0,58000.0,58000.0,799000000.0
123,E07000103,Watford,-0.404289563319583,51.6717047945665,6000.0,49000.0,9000.0,60000.0,60000.0,461000000.0
124,E07000105,Ashford,0.823374392812352,51.1309603182959,9000.0,57000.0,24000.0,80000.0,80000.0,554000000.0
125,E07000106,Canterbury,1.09632815554703,51.2810287769822,10000.0,52000.0,25000.0,77000.0,77000.0,521000000.0
126,E07000107,Dartford,0.245275876015599,51.4337347226444,7000.0,51000.0,12000.0,64000.0,64000.0,468000000.0
127,E07000108,Dover,1.27688726008173,51.2117616871273,7000.0,43000.0,24000.0,64000.0,64000.0,324000000.0
128,E07000109,Gravesham,0.398743938957699,51.3964921107229,7000.0,44000.0,13000.0,57000.0,57000.0,363000000.0
129,E07000110,Maidstone,0.584061099852731,51.2356630603236,11000.0,75000.0,26000.0,101000.0,101000.0,728000000.0
130,E07000111,Sevenoaks,0.188935893173563,51.2756301784779,8000.0,53000.0,23000.0,75000.0,75000.0,1230000000.0
131,E07000112,Folkestone and Hythe,1.00079586747068,51.0721510398288,6000.0,37000.0,22000.0,57000.0,57000.0,330000000.0
132,E07000113,Swale,0.776892809016049,51.3225190255982,9000.0,59000.0,23000.0,81000.0,81000.0,434000000.0
133,E07000114,Thanet,1.3282255102217,51.3525243749557,8000.0,46000.0,23000.0,68000.0,68000.0,336000000.0
134,E07000115,Tonbridge and Malling,0.349304900746489,51.2606309192735,9000.0,57000.0,21000.0,77000.0,77000.0,825000000.0
135,E07000116,Tunbridge Wells,0.471631078442087,51.1025374611579,9000.0,47000.0,17000.0,64000.0,64000.0,867000000.0
136,E07000117,Burnley,-2.23080727572804,53.7740488282412,2000.0,32000.0,11000.0,41000.0,41000.0,152000000.0
137,E07000118,Chorley,-2.61923057849707,53.672382694837,6000.0,49000.0,20000.0,67000.0,67000.0,395000000.0
138,E07000119,Fylde,-2.9191473683707,53.7970913986021,4000.0,32000.0,20000.0,49000.0,49000.0,320000000.0
139,E07000120,Hyndburn,-2.38964340740714,53.7564441689902,3000.0,30000.0,9000.0,38000.0,38000.0,137000000.0
140,E07000121,Lancaster,-2.66030437377015,54.0790096161305,8000.0,55000.0,21000.0,73000.0,73000.0,360000000.0
141,E07000122,Pendle,-2.18956011974665,53.8863623496653,5000.0,30000.0,12000.0,42000.0,42000.0,165000000.0
142,E07000123,Preston,-2.71804947705806,53.8220140795709,6000.0,62000.0,15000.0,75000.0,75000.0,377000000.0
143,E07000124,Ribble Valley,-2.41737043129486,53.9245145280695,4000.0,29000.0,15000.0,42000.0,42000.0,297000000.0
144,E07000125,Rossendale,-2.2614923693217,53.6847623273083,4000.0,29000.0,11000.0,39000.0,39000.0,207000000.0
145,E07000126,South Ribble,-2.72871585391679,53.7267656899911,5000.0,46000.0,21000.0,65000.0,65000.0,313000000.0
146,E07000127,West Lancashire,-2.8690085826456,53.6128445345729,5000.0,45000.0,20000.0,63000.0,63000.0,385000000.0
147,E07000128,Wyre,-2.80360621623719,53.8999185011252,6000.0,40000.0,25000.0,62000.0,62000.0,303000000.0
148,E07000129,Blaby,-1.19887926083938,52.5770692441858,5000.0,45000.0,17000.0,61000.0,61000.0,326000000.0
149,E07000130,Charnwood,-1.13694823198926,52.7399019528445,8000.0,75000.0,29000.0,100000.0,100000.0,581000000.0
150,E07000131,Harborough,-0.902283537622274,52.5376414951838,6000.0,42000.0,18000.0,60000.0,60000.0,523000000.0
151,E07000132,Hinckley and Bosworth,-1.41755405676987,52.6087763955852,6000.0,47000.0,20000.0,65000.0,65000.0,365000000.0
152,E07000133,Melton,-0.85440366558362,52.8032636173525,4000.0,22000.0,10000.0,31000.0,31000.0,205000000.0
153,E07000134,North West Leicestershire,-1.42215827991296,52.7425132347116,5000.0,47000.0,17000.0,63000.0,63000.0,375000000.0
154,E07000135,Oadby and Wigston,-1.09300771688498,52.5887575197153,2000.0,21000.0,11000.0,30000.0,30000.0,172000000.0
155,E07000136,Boston,-0.112181048482785,52.9779720229888,4000.0,28000.0,10000.0,37000.0,37000.0,140000000.0
156,E07000137,East Lindsey,0.020516202526605,53.2644604014362,7000.0,46000.0,31000.0,73000.0,73000.0,307000000.0
157,E07000138,Lincoln,-0.558489041195941,53.2192134583558,3000.0,43000.0,13000.0,53000.0,53000.0,214000000.0
158,E07000139,North Kesteven,-0.476646970531158,53.0805899593804,6000.0,51000.0,25000.0,71000.0,71000.0,367000000.0
159,E07000140,South Holland,-0.030572808094969,52.7875963498978,6000.0,38000.0,15000.0,52000.0,52000.0,233000000.0
160,E07000141,South Kesteven,-0.495682112148826,52.8488586330188,8000.0,59000.0,31000.0,86000.0,86000.0,553000000.0
161,E07000142,West Lindsey,-0.50774546027609,53.4004488587362,5000.0,38000.0,20000.0,54000.0,54000.0,278000000.0
162,E07000143,Breckland,0.818716773478431,52.5942276208084,8000.0,54000.0,27000.0,78000.0,78000.0,363000000.0
163,E07000144,Broadland,1.25227260820627,52.6962217107656,8000.0,53000.0,28000.0,80000.0,80000.0,432000000.0
164,E07000145,Great Yarmouth,1.64952499507193,52.684394911971,4000.0,37000.0,15000.0,49000.0,49000.0,196000000.0
165,E07000146,King's Lynn and West Norfolk,0.533244510521247,52.7128564222609,9000.0,54000.0,27000.0,79000.0,79000.0,420000000.0
166,E07000147,North Norfolk,1.13160946521211,52.8339032171399,7000.0,34000.0,27000.0,58000.0,58000.0,283000000.0
167,E07000148,Norwich,1.28497877332095,52.6401335892924,7000.0,54000.0,17000.0,71000.0,71000.0,344000000.0
168,E07000149,South Norfolk,1.37324692038119,52.5121763635967,9000.0,57000.0,26000.0,82000.0,82000.0,521000000.0
169,E07000170,Ashfield,-1.2542199946817,53.0974712211036,5000.0,53000.0,21000.0,71000.0,71000.0,296000000.0
170,E07000171,Bassetlaw,-0.978700844057429,53.3560442853465,6000.0,48000.0,22000.0,67000.0,67000.0,336000000.0
171,E07000172,Broxtowe,-1.25944700168906,52.9720858561353,4000.0,45000.0,21000.0,63000.0,63000.0,322000000.0
172,E07000173,Gedling,-1.11907660323092,53.0243462938423,6000.0,49000.0,21000.0,68000.0,68000.0,332000000.0
173,E07000174,Mansfield,-1.17804311654071,53.167031786984,5000.0,42000.0,17000.0,58000.0,58000.0,237000000.0
174,E07000175,Newark and Sherwood,-0.946435475550188,53.1096024361062,7000.0,49000.0,29000.0,74000.0,74000.0,413000000.0
175,E07000176,Rushcliffe,-1.01093253186209,52.9124051142497,6000.0,54000.0,25000.0,75000.0,75000.0,686000000.0
176,E07000177,Cherwell,-1.28506031297123,51.8871841538239,10000.0,78000.0,22000.0,98000.0,98000.0,744000000.0
177,E07000178,Oxford,-1.24405690616009,51.7535776114327,8000.0,65000.0,15000.0,80000.0,80000.0,727000000.0
178,E07000179,South Oxfordshire,-1.07847365378115,51.6228819963421,10000.0,67000.0,25000.0,91000.0,91000.0,1210000000.0
179,E07000180,Vale of White Horse,-1.48537777689021,51.6544467684909,10000.0,67000.0,24000.0,90000.0,90000.0,854000000.0
180,E07000181,West Oxfordshire,-1.50291986270992,51.8399152022555,8000.0,51000.0,24000.0,72000.0,72000.0,681000000.0
181,E07000192,Cannock Chase,-1.98277233856112,52.7016657533704,5000.0,43000.0,14000.0,56000.0,56000.0,234000000.0
182,E07000193,East Staffordshire,-1.81441437249016,52.8365275346482,6000.0,51000.0,17000.0,66000.0,66000.0,386000000.0
183,E07000194,Lichfield,-1.76059838595194,52.6961581476342,7000.0,42000.0,23000.0,64000.0,64000.0,488000000.0
184,E07000195,Newcastle-under-Lyme,-2.32628895350628,53.0034783143328,6000.0,53000.0,19000.0,69000.0,69000.0,398000000.0
185,E07000196,South Staffordshire,-2.15496632754844,52.6969166757058,6000.0,46000.0,24000.0,66000.0,66000.0,401000000.0
186,E07000197,Stafford,-2.16477143263107,52.847918406232,7000.0,55000.0,26000.0,77000.0,77000.0,454000000.0
187,E07000198,Staffordshire Moorlands,-1.9933446075955,53.069286875152,6000.0,37000.0,19000.0,53000.0,53000.0,256000000.0
188,E07000199,Tamworth,-1.68455673785819,52.620287323007,3000.0,34000.0,11000.0,44000.0,44000.0,191000000.0
189,E07000200,Babergh,0.916149104650889,52.0645018797268,6000.0,36000.0,19000.0,53000.0,53000.0,402000000.0
190,E07000202,Ipswich,1.16617454849648,52.055923203596,6000.0,53000.0,15000.0,68000.0,68000.0,321000000.0
191,E07000203,Mid Suffolk,1.09695134861202,52.2185651985165,7000.0,43000.0,24000.0,64000.0,64000.0,429000000.0
192,E07000207,Elmbridge,-0.394400399630271,51.3609537684822,11000.0,62000.0,21000.0,84000.0,84000.0,2420000000.0
193,E07000208,Epsom and Ewell,-0.261727675100544,51.3394656143843,6000.0,38000.0,13000.0,52000.0,52000.0,591000000.0
194,E07000209,Guildford,-0.562579043596685,51.2536620418725,10000.0,66000.0,22000.0,88000.0,88000.0,1360000000.0
195,E07000210,Mole Valley,-0.306038727902008,51.227498671878,7000.0,39000.0,18000.0,56000.0,56000.0,759000000.0
196,E07000211,Reigate and Banstead,-0.198713580561657,51.2584601032106,10000.0,68000.0,23000.0,91000.0,91000.0,1140000000.0
197,E07000212,Runnymede,-0.53854995641516,51.3927406119718,5000.0,36000.0,13000.0,49000.0,49000.0,614000000.0
198,E07000213,Spelthorne,-0.462539505708318,51.4155255519317,6000.0,47000.0,16000.0,63000.0,63000.0,485000000.0
199,E07000214,Surrey Heath,-0.689837506714765,51.3361247723004,5000.0,42000.0,15000.0,56000.0,56000.0,663000000.0
200,E07000215,Tandridge,-0.048092787773726,51.2358458394399,6000.0,38000.0,15000.0,53000.0,53000.0,778000000.0
201,E07000216,Waverley,-0.623432928838711,51.1568607009304,10000.0,55000.0,24000.0,77000.0,77000.0,1320000000.0
202,E07000217,Woking,-0.579810063798775,51.3083951817863,7000.0,46000.0,15000.0,61000.0,61000.0,842000000.0
203,E07000218,North Warwickshire,-1.62420099621253,52.5648694782358,3000.0,28000.0,11000.0,38000.0,38000.0,220000000.0
204,E07000219,Nuneaton and Bedworth,-1.47964406961627,52.5009427584358,5000.0,61000.0,20000.0,78000.0,78000.0,334000000.0
205,E07000220,Rugby,-1.31828035997912,52.3822797932377,5000.0,55000.0,17000.0,70000.0,70000.0,465000000.0
206,E07000221,Stratford-on-Avon,-1.63565758930543,52.1615568870362,10000.0,59000.0,29000.0,85000.0,85000.0,841000000.0
207,E07000222,Warwick,-1.58369689192721,52.3014204900747,8000.0,67000.0,27000.0,92000.0,92000.0,867000000.0
208,E07000223,Adur,-0.324175531191673,50.8457243902183,5000.0,24000.0,12000.0,37000.0,37000.0,198000000.0
209,E07000224,Arun,-0.649996255860542,50.8432105058615,11000.0,64000.0,35000.0,96000.0,96000.0,542000000.0
210,E07000225,Chichester,-0.716306606911189,50.94177595697,9000.0,45000.0,25000.0,68000.0,68000.0,708000000.0
211,E07000226,Crawley,-0.195331517314312,51.1235742571339,7000.0,54000.0,13000.0,68000.0,68000.0,363000000.0
212,E07000227,Horsham,-0.381267350679462,51.0027242699321,10000.0,64000.0,34000.0,96000.0,96000.0,882000000.0
213,E07000228,Mid Sussex,-0.102752341639538,51.0595440711119,10000.0,68000.0,25000.0,92000.0,92000.0,959000000.0
214,E07000229,Worthing,-0.401271757439352,50.8331002509364,6000.0,47000.0,20000.0,64000.0,64000.0,348000000.0
215,E07000234,Bromsgrove,-2.00376531192951,52.3616944115391,5000.0,44000.0,18000.0,59000.0,59000.0,490000000.0
216,E07000235,Malvern Hills,-2.33092240036726,52.1675944844614,5000.0,31000.0,19000.0,48000.0,48000.0,333000000.0
217,E07000236,Redditch,-1.94710013546562,52.2854186911435,5000.0,39000.0,12000.0,52000.0,52000.0,240000000.0
218,E07000237,Worcester,-2.20997419745466,52.194771837666,5000.0,43000.0,14000.0,56000.0,56000.0,275000000.0
219,E07000238,Wychavon,-2.01614718879903,52.1288688351678,8000.0,57000.0,28000.0,80000.0,80000.0,561000000.0
220,E07000239,Wyre Forest,-2.23494447929379,52.3853018738708,6000.0,36000.0,19000.0,55000.0,55000.0,260000000.0
221,E07000240,St Albans,-0.340706136299759,51.7735670014862,11000.0,68000.0,27000.0,95000.0,95000.0,1770000000.0
222,E07000241,Welwyn Hatfield,-0.185180087409199,51.7608731795515,7000.0,51000.0,17000.0,68000.0,68000.0,653000000.0
223,E07000242,East Hertfordshire,0.002738883012513,51.86485819315,11000.0,69000.0,26000.0,94000.0,94000.0,1100000000.0
224,E07000243,Stevenage,-0.189871591723037,51.9053950701622,5000.0,39000.0,12000.0,51000.0,51000.0,254000000.0
225,E07000244,East Suffolk,1.45619925270024,52.2441664987832,15000.0,86000.0,51000.0,131000.0,131000.0,815000000.0
226,E07000245,West Suffolk,0.652723473293825,52.3084027133745,11000.0,73000.0,30000.0,102000.0,102000.0,605000000.0
227,E08000001,Bolton,-2.47952053247137,53.5845069545676,12000.0,109000.0,37000.0,144000.0,144000.0,638000000.0
228,E08000002,Bury,-2.30880276446229,53.5930958133068,8000.0,79000.0,29000.0,104000.0,104000.0,544000000.0
229,E08000003,Manchester,-2.23359511298555,53.4700902761186,22000.0,202000.0,33000.0,237000.0,237000.0,1260000000.0
230,E08000004,Oldham,-2.0527489654776,53.5576838761744,9000.0,81000.0,26000.0,106000.0,106000.0,473000000.0
231,E08000005,Rochdale,-2.14784438218074,53.6074163849577,8000.0,82000.0,26000.0,105000.0,105000.0,440000000.0
232,E08000006,Salford,-2.38485156928281,53.4792712594577,12000.0,123000.0,25000.0,147000.0,147000.0,819000000.0
233,E08000007,Stockport,-2.12465833481928,53.3911100571803,17000.0,129000.0,50000.0,175000.0,175000.0,1150000000.0
234,E08000008,Tameside,-2.07700155068963,53.4786713364204,9000.0,95000.0,29000.0,121000.0,121000.0,535000000.0
235,E08000009,Trafford,-2.36572096048419,53.4167258058226,12000.0,101000.0,30000.0,130000.0,130000.0,1240000000.0
236,E08000010,Wigan,-2.57242473954887,53.5144549479669,15000.0,138000.0,48000.0,180000.0,180000.0,787000000.0
237,E08000011,Knowsley,-2.83297855126112,53.4378857666446,6000.0,61000.0,15000.0,74000.0,74000.0,302000000.0
238,E08000012,Liverpool,-2.91367963533719,53.4083336313455,17000.0,181000.0,50000.0,223000.0,223000.0,1030000000.0
239,E08000013,St. Helens,-2.70309272762455,53.4586219733771,7000.0,77000.0,32000.0,105000.0,105000.0,458000000.0
240,E08000014,Sefton,-2.99177121672535,53.4821291867759,11000.0,106000.0,53000.0,151000.0,151000.0,793000000.0
241,E08000015,Wirral,-3.06703399399816,53.3747821455288,12000.0,122000.0,57000.0,170000.0,170000.0,903000000.0
242,E08000017,Doncaster,-1.10894686335418,53.5269575560704,13000.0,119000.0,47000.0,159000.0,159000.0,695000000.0
243,E08000018,Rotherham,-1.28651469150559,53.3955378485312,11000.0,101000.0,42000.0,138000.0,138000.0,596000000.0
244,E08000021,Newcastle upon Tyne,-1.65296988637282,55.0210025641606,10000.0,107000.0,32000.0,136000.0,136000.0,752000000.0
245,E08000022,North Tyneside,-1.50901077232071,55.0289643645779,7000.0,89000.0,34000.0,118000.0,118000.0,595000000.0
246,E08000023,South Tyneside,-1.44693543976587,54.9698827830656,4000.0,55000.0,24000.0,76000.0,76000.0,309000000.0
247,E08000024,Sunderland,-1.43368026418422,54.8571064026756,8000.0,103000.0,36000.0,132000.0,132000.0,561000000.0
248,E08000025,Birmingham,-1.88141159043116,52.4840439659834,40000.0,380000.0,99000.0,474000.0,474000.0,2440000000.0
249,E08000026,Coventry,-1.51905185780908,52.4142376613835,12000.0,139000.0,41000.0,179000.0,179000.0,782000000.0
250,E08000027,Dudley,-2.101714422276,52.4951351716316,13000.0,117000.0,41000.0,154000.0,154000.0,645000000.0
251,E08000028,Sandwell,-2.00771605652023,52.5147773174625,12000.0,130000.0,30000.0,157000.0,157000.0,582000000.0
252,E08000029,Solihull,-1.71558831971608,52.4309997874037,9000.0,89000.0,42000.0,127000.0,127000.0,1000000000.0
253,E08000030,Walsall,-1.97043396087493,52.6050593217618,11000.0,101000.0,34000.0,133000.0,133000.0,553000000.0
254,E08000031,Wolverhampton,-2.12746370380929,52.5978828034107,10000.0,101000.0,31000.0,127000.0,127000.0,555000000.0
255,E08000032,Bradford,-1.8738953031644,53.843826298987,20000.0,191000.0,56000.0,244000.0,244000.0,1080000000.0
256,E08000033,Calderdale,-1.96180643657094,53.7204729716447,10000.0,80000.0,33000.0,111000.0,111000.0,550000000.0
257,E08000034,Kirklees,-1.78085073665883,53.6423340079582,19000.0,167000.0,60000.0,221000.0,221000.0,1120000000.0
258,E08000035,Leeds,-1.50736109698476,53.8227327405479,35000.0,330000.0,108000.0,428000.0,428000.0,2430000000.0
259,E08000036,Wakefield,-1.42091075561148,53.6591849917274,14000.0,144000.0,57000.0,192000.0,192000.0,863000000.0
260,E08000037,Gateshead,-1.68696493443684,54.9311516885795,7000.0,77000.0,27000.0,98000.0,98000.0,421000000.0
261,E08000038,Barnsley,-1.54925875591382,53.5257748670121,,,,,,
262,E08000039,Sheffield,-1.54254831201168,53.4035862918343,,,,,,
263,E09000001,City of London,-0.093518996169438,51.5156437265168,2000.0,9000.0,1000.0,11000.0,11000.0,626000000.0
264,E09000002,Barking and Dagenham,0.129479201353285,51.5455560723607,19000.0,86000.0,11000.0,106000.0,106000.0,506000000.0
265,E09000003,Barnet,-0.218196698177717,51.6110720745756,35000.0,164000.0,42000.0,216000.0,216000.0,3150000000.0
266,E09000004,Bexley,0.146212422137895,51.4582262886293,15000.0,109000.0,35000.0,142000.0,142000.0,1060000000.0
267,E09000005,Brent,-0.275687257577691,51.5643872586302,28000.0,146000.0,25000.0,182000.0,182000.0,1580000000.0
268,E09000006,Bromley,0.039245697322528,51.3726630327074,22000.0,146000.0,50000.0,195000.0,195000.0,2520000000.0
269,E09000007,Camden,-0.162909512194748,51.5430545239425,17000.0,96000.0,18000.0,119000.0,119000.0,4730000000.0
270,E09000008,Croydon,-0.077617330790335,51.3659865413306,24000.0,176000.0,43000.0,220000.0,220000.0,1700000000.0
271,E09000009,Ealing,-0.314101124635848,51.5244251666571,29000.0,155000.0,32000.0,198000.0,198000.0,2130000000.0
272,E09000010,Enfield,-0.081442418639182,51.648896234217,22000.0,122000.0,32000.0,159000.0,159000.0,1280000000.0
273,E09000011,Greenwich,0.050092546872319,51.4639396841182,20000.0,136000.0,19000.0,163000.0,163000.0,1830000000.0
274,E09000012,Hackney,-0.060457799920793,51.5549294840465,17000.0,108000.0,11000.0,126000.0,126000.0,1730000000.0
275,E09000013,Hammersmith and Fulham,-0.217351369863019,51.4873307417132,13000.0,89000.0,13000.0,107000.0,107000.0,2870000000.0
276,E09000014,Haringey,-0.106700614870669,51.5877171130338,27000.0,112000.0,16000.0,140000.0,140000.0,1870000000.0
277,E09000015,Harrow,-0.335987578137547,51.5946714598661,24000.0,111000.0,29000.0,147000.0,147000.0,1360000000.0
278,E09000016,Havering,0.235368146542089,51.5651966637982,20000.0,107000.0,34000.0,143000.0,143000.0,1150000000.0
279,E09000017,Hillingdon,-0.44179441927637,51.5366398106136,17000.0,138000.0,31000.0,171000.0,171000.0,1390000000.0
280,E09000018,Hounslow,-0.378550025305828,51.4623864651669,20000.0,129000.0,23000.0,159000.0,159000.0,1510000000.0
281,E09000019,Islington,-0.109896387674631,51.5454678972023,16000.0,103000.0,13000.0,121000.0,121000.0,2610000000.0
282,E09000020,Kensington and Chelsea,-0.189780888397153,51.4964496538782,10000.0,59000.0,12000.0,74000.0,74000.0,5480000000.0
283,E09000021,Kingston upon Thames,-0.283678526726274,51.3929624344959,11000.0,71000.0,18000.0,90000.0,90000.0,1270000000.0
284,E09000022,Lambeth,-0.113850894948143,51.4644530721417,22000.0,162000.0,18000.0,186000.0,186000.0,2700000000.0
285,E09000023,Lewisham,-0.017344400164415,51.4423023379216,21000.0,130000.0,22000.0,158000.0,158000.0,1590000000.0
286,E09000024,Merton,-0.188686763086986,51.4105880711204,18000.0,101000.0,21000.0,127000.0,127000.0,2100000000.0
287,E09000025,Newham,0.027260944261224,51.5314952861677,30000.0,148000.0,14000.0,179000.0,179000.0,1160000000.0
288,E09000026,Redbridge,0.070085069194342,51.5858816812585,26000.0,120000.0,29000.0,160000.0,160000.0,1320000000.0
289,E09000027,Richmond upon Thames,-0.289139974025172,51.4403520537966,14000.0,84000.0,24000.0,110000.0,110000.0,3090000000.0
290,E09000028,Southwark,-0.073088291195771,51.4659482175984,20000.0,150000.0,17000.0,172000.0,172000.0,2630000000.0
291,E09000029,Sutton,-0.172265132180676,51.3575546996773,13000.0,88000.0,23000.0,112000.0,112000.0,973000000.0
292,E09000030,Tower Hamlets,-0.036475638411882,51.5155475381046,16000.0,151000.0,8000.0,166000.0,166000.0,2340000000.0
293,E09000031,Waltham Forest,-0.018803060851025,51.594619289138,27000.0,121000.0,18000.0,152000.0,152000.0,1170000000.0
294,E09000032,Wandsworth,-0.200216729402049,51.4524022247184,24000.0,174000.0,19000.0,202000.0,202000.0,4700000000.0
295,E09000033,Westminster,-0.152953011059152,51.5122151922723,13000.0,90000.0,15000.0,110000.0,110000.0,4940000000.0
296,N09000001,Antrim and Newtownabbey,-6.17760147933698,54.693860547596,7000.0,59000.0,18000.0,74000.0,74000.0,354000000.0
297,N09000002,"Armagh City, Banbridge and Craigavon",-6.43455315528277,54.3867060864603,13000.0,83000.0,25000.0,106000.0,106000.0,491000000.0
298,N09000003,Belfast,-5.92535183899146,54.598534117596,11000.0,136000.0,31000.0,163000.0,163000.0,803000000.0
299,N09000004,Causeway Coast and Glens,-6.59960692529235,55.039620845794,10000.0,46000.0,17000.0,63000.0,63000.0,269000000.0
300,N09000005,Derry City and Strabane,-7.42064242249095,54.8090448475735,8000.0,49000.0,15000.0,63000.0,63000.0,264000000.0
301,N09000006,Fermanagh and Omagh,-7.52710363680606,54.3852125866926,8000.0,41000.0,14000.0,53000.0,53000.0,205000000.0
302,N09000007,Lisburn and Castlereagh,-6.03545452946393,54.4975258943618,8000.0,58000.0,19000.0,75000.0,75000.0,471000000.0
303,N09000008,Mid and East Antrim,-6.14645756222719,54.8646246726302,7000.0,55000.0,22000.0,73000.0,73000.0,311000000.0
304,N09000009,Mid Ulster,-6.88890659095693,54.5527354982075,10000.0,57000.0,14000.0,71000.0,71000.0,306000000.0
305,N09000010,"Newry, Mourne and Down",-6.08891224890612,54.1495367643008,13000.0,59000.0,20000.0,78000.0,78000.0,350000000.0
306,N09000011,Ards and North Down,-5.64568907441521,54.5640976428678,9000.0,56000.0,27000.0,79000.0,79000.0,423000000.0
307,S12000005,Clackmannanshire,-3.7531656289705,56.1478476833671,2000.0,20000.0,8000.0,27000.0,27000.0,154000000.0
308,S12000006,Dumfries and Galloway,-4.02863412628135,55.0962112229666,9000.0,55000.0,30000.0,82000.0,82000.0,356000000.0
309,S12000008,East Ayrshire,-4.29057347448726,55.496742490367,5000.0,45000.0,18000.0,59000.0,59000.0,297000000.0
310,S12000010,East Lothian,-2.72435199225047,55.9420698995637,7000.0,48000.0,19000.0,64000.0,64000.0,507000000.0
311,S12000011,East Renfrewshire,-4.36058456735283,55.7486883828545,5000.0,39000.0,16000.0,54000.0,54000.0,494000000.0
312,S12000013,Na h-Eileanan Siar,-6.65722410127987,58.1993889845805,1000.0,10000.0,4000.0,12000.0,12000.0,62000000.0
313,S12000014,Falkirk,-3.83619168780606,56.0007769602936,6000.0,68000.0,27000.0,91000.0,91000.0,500000000.0
314,S12000017,Highland,-4.661037925246,57.5865697182062,15000.0,98000.0,42000.0,135000.0,135000.0,704000000.0
315,S12000018,Inverclyde,-4.75387004247116,55.900307215112,2000.0,31000.0,14000.0,41000.0,41000.0,210000000.0
316,S12000019,Midlothian,-3.11737997897909,55.8211164342286,5000.0,41000.0,16000.0,55000.0,55000.0,317000000.0
317,S12000020,Moray,-3.20202718736813,57.4768094497754,4000.0,38000.0,16000.0,51000.0,51000.0,280000000.0
318,S12000021,North Ayrshire,-4.72460408658964,55.7278923575223,4000.0,51000.0,22000.0,69000.0,69000.0,339000000.0
319,S12000023,Orkney Islands,-2.9002513474248,58.9433414334139,2000.0,9000.0,3000.0,12000.0,12000.0,59000000.0
320,S12000026,Scottish Borders,-2.85869450961246,55.5259579037258,8000.0,45000.0,24000.0,66000.0,66000.0,353000000.0
321,S12000027,Shetland Islands,-1.37344193376241,60.5049505410644,1000.0,11000.0,4000.0,13000.0,13000.0,79000000.0
322,S12000028,South Ayrshire,-4.72899787772509,55.2300868150208,4000.0,43000.0,24000.0,63000.0,63000.0,357000000.0
323,S12000029,South Lanarkshire,-3.83272187836701,55.6045305998103,13000.0,140000.0,49000.0,182000.0,182000.0,1080000000.0
324,S12000030,Stirling,-4.32595595808063,56.2495321641632,5000.0,38000.0,17000.0,53000.0,53000.0,422000000.0
325,S12000033,Aberdeen City,-2.20398296702085,57.1669794475617,6000.0,98000.0,31000.0,124000.0,124000.0,963000000.0
326,S12000034,Aberdeenshire,-2.792088642884,57.2346970112953,12000.0,112000.0,46000.0,149000.0,149000.0,1250000000.0
327,S12000035,Argyll and Bute,-5.22114600127962,56.2894454749658,6000.0,33000.0,20000.0,51000.0,51000.0,292000000.0
328,S12000036,City of Edinburgh,-3.27826781089708,55.9112027992836,26000.0,231000.0,74000.0,301000.0,301000.0,2840000000.0
329,S12000038,Renfrewshire,-4.56834327696984,55.8486290758342,6000.0,75000.0,33000.0,103000.0,103000.0,547000000.0
330,S12000039,West Dunbartonshire,-4.52074706642337,56.0014023740888,3000.0,38000.0,11000.0,47000.0,47000.0,226000000.0
331,S12000040,West Lothian,-3.6090984292886,55.8992094773194,7000.0,83000.0,27000.0,104000.0,104000.0,587000000.0
332,S12000041,Angus,-2.89210418561443,56.7251839302899,6000.0,46000.0,22000.0,65000.0,65000.0,344000000.0
333,S12000042,Dundee City,-2.97095265352332,56.4776085334464,4000.0,56000.0,19000.0,72000.0,72000.0,325000000.0
334,S12000045,East Dunbartonshire,-4.22417865447272,55.9582929748011,5000.0,45000.0,24000.0,66000.0,66000.0,522000000.0
335,S12000047,Fife,-2.98251398558036,56.2311150749972,16000.0,141000.0,76000.0,204000.0,204000.0,1030000000.0
336,S12000048,Perth and Kinross,-3.88484036721821,56.5752839704112,9000.0,64000.0,35000.0,95000.0,95000.0,582000000.0
337,S12000049,Glasgow City,-4.21479689154041,55.8764898939416,23000.0,236000.0,55000.0,285000.0,285000.0,1580000000.0
338,S12000050,North Lanarkshire,-3.95140467919849,55.8681436997905,11000.0,135000.0,42000.0,170000.0,170000.0,851000000.0
339,W06000001,Isle of Anglesey,-4.32298125602135,53.2793141937216,4000.0,25000.0,14000.0,37000.0,37000.0,157000000.0
340,W06000002,Gwynedd,-3.77715656077143,52.898837828452,9000.0,46000.0,21000.0,64000.0,64000.0,255000000.0
341,W06000003,Conwy,-3.74646147540576,53.1473991983906,7000.0,39000.0,21000.0,58000.0,58000.0,259000000.0
342,W06000004,Denbighshire,-3.34761018825551,53.0883318819846,5000.0,32000.0,16000.0,46000.0,46000.0,215000000.0
343,W06000005,Flintshire,-3.18248206971383,53.2147184168283,7000.0,65000.0,32000.0,92000.0,92000.0,432000000.0
344,W06000006,Wrexham,-2.99203321849016,53.0016730955879,5000.0,57000.0,22000.0,74000.0,74000.0,330000000.0
345,W06000008,Ceredigion,-3.94993038498858,52.2979532579948,6000.0,22000.0,14000.0,36000.0,36000.0,140000000.0
346,W06000009,Pembrokeshire,-4.90818402413414,51.8551266766636,8000.0,39000.0,23000.0,59000.0,59000.0,267000000.0
347,W06000010,Carmarthenshire,-4.21109120617508,51.8949566044775,11000.0,68000.0,32000.0,96000.0,96000.0,384000000.0
348,W06000011,Swansea,-3.96723204067799,51.6580660129972,8000.0,86000.0,38000.0,117000.0,117000.0,537000000.0
349,W06000012,Neath Port Talbot,-3.74638268363108,51.6445086632169,4000.0,51000.0,22000.0,70000.0,70000.0,269000000.0
350,W06000013,Bridgend,-3.61375859807822,51.5606020315645,5000.0,57000.0,24000.0,77000.0,77000.0,355000000.0
351,W06000014,Vale of Glamorgan,-3.39801573861541,51.4483606503231,7000.0,55000.0,27000.0,78000.0,78000.0,493000000.0
352,W06000015,Cardiff,-3.2220947956523,51.5025445141056,15000.0,143000.0,37000.0,174000.0,174000.0,1040000000.0
353,W06000016,Rhondda Cynon Taf,-3.41359760419129,51.6218574814379,9000.0,87000.0,35000.0,119000.0,119000.0,479000000.0
354,W06000018,Caerphilly,-3.19753769913145,51.6500132025456,8000.0,66000.0,27000.0,89000.0,89000.0,366000000.0
355,W06000019,Blaenau Gwent,-3.18592121600941,51.7536433892443,2000.0,24000.0,7000.0,31000.0,31000.0,99000000.0
356,W06000020,Torfaen,-3.05101874132326,51.6983610379427,3000.0,37000.0,13000.0,48000.0,48000.0,198000000.0
357,W06000021,Monmouthshire,-2.90280583928635,51.7782778087928,6000.0,38000.0,20000.0,55000.0,55000.0,387000000.0
358,W06000022,Newport,-2.89768984987477,51.5823105778084,6000.0,69000.0,23000.0,89000.0,89000.0,410000000.0
359,W06000023,Powys,-3.43531801861781,52.3486390469081,12000.0,42000.0,27000.0,67000.0,67000.0,301000000.0
360,W06000024,Merthyr Tydfil,-3.3642522722072,51.748409066142,2000.0,22000.0,9000.0,30000.0,30000.0,113000000.0
