statistic,label,family,source,points,ns_line,ns_km,ns_toward,we_line,we_km,we_toward,best_axis,best_km,best_toward,licence,caveats
census-carers-50h,Carers giving 50+ hours a week,Health & care,unified_census,46823,52.60°N,20,North,1.68°W,12,West,165,25,North,Open Government Licence v3.0,"Scotland's census was a year later (March 2022) than the rest of the UK's (March 2021). | Census Output Areas are grouped into ~47,000 LSOA-sized areas (Data Zones in Scotland and Northern Ireland), each placed at its population-weighted centre."
census-cars-3plus,Households with 3+ cars,Owning & renting,unified_census,46671,52.33°N,11,South,1.55°W,3,West,150,14,South-east,Open Government Licence v3.0,"Scotland's census was a year later (March 2022) than the rest of the UK's (March 2021). | Census Output Areas are grouped into ~47,000 LSOA-sized areas (Data Zones in Scotland and Northern Ireland), each placed at its population-weighted centre."
census-cars-none,Households with no car,Owning & renting,unified_census,46835,52.47°N,6,North,1.47°W,2,East,165,12,North,Open Government Licence v3.0,"Scotland's census was a year later (March 2022) than the rest of the UK's (March 2021). | Census Output Areas are grouped into ~47,000 LSOA-sized areas (Data Zones in Scotland and Northern Ireland), each placed at its population-weighted centre."
census-commute-bike,Commuters by bicycle,Getting to work,unified_census,43873,51.93°N,55,South,1.11°W,26,East,150,63,South-east,Open Government Licence v3.0,"Scotland's census was a year later (March 2022) than the rest of the UK's (March 2021). | Census Output Areas are grouped into ~47,000 LSOA-sized areas (Data Zones in Scotland and Northern Ireland), each placed at its population-weighted centre. | England, Wales and Northern Ireland were counted in March 2021, during a COVID-19 lockdown; Scotland in March 2022. Travel to work therefore under-counts commuting outside Scotland and over-counts working from home."
census-commute-car,Commuters by car or van,Getting to work,unified_census,46844,52.57°N,17,North,1.64°W,9,West,165,21,North,Open Government Licence v3.0,"Scotland's census was a year later (March 2022) than the rest of the UK's (March 2021). | Census Output Areas are grouped into ~47,000 LSOA-sized areas (Data Zones in Scotland and Northern Ireland), each placed at its population-weighted centre. | England, Wales and Northern Ireland were counted in March 2021, during a COVID-19 lockdown; Scotland in March 2022. Travel to work therefore under-counts commuting outside Scotland and over-counts working from home."
census-commute-foot,Commuters on foot,Getting to work,unified_census,46779,52.40°N,3,South,1.51°W,0,West,150,10,South-east,Open Government Licence v3.0,"Scotland's census was a year later (March 2022) than the rest of the UK's (March 2021). | Census Output Areas are grouped into ~47,000 LSOA-sized areas (Data Zones in Scotland and Northern Ireland), each placed at its population-weighted centre. | England, Wales and Northern Ireland were counted in March 2021, during a COVID-19 lockdown; Scotland in March 2022. Travel to work therefore under-counts commuting outside Scotland and over-counts working from home."
census-commute-metro,"Commuters by underground, metro or tram",Getting to work,unified_census,20257,51.54°N,98,South,0.12°W,95,East,120,149,South-east,Open Government Licence v3.0,"Scotland's census was a year later (March 2022) than the rest of the UK's (March 2021). | Census Output Areas are grouped into ~47,000 LSOA-sized areas (Data Zones in Scotland and Northern Ireland), each placed at its population-weighted centre. | England, Wales and Northern Ireland were counted in March 2021, during a COVID-19 lockdown; Scotland in March 2022. Travel to work therefore under-counts commuting outside Scotland and over-counts working from home. | Northern Ireland has no underground, metro or tram system."
census-commute-motorbike,Commuters by motorbike or moped,Getting to work,unified_census,35495,51.61°N,90,South,1.09°W,28,East,ns,90,South,Open Government Licence v3.0,"Scotland's census was a year later (March 2022) than the rest of the UK's (March 2021). | Census Output Areas are grouped into ~47,000 LSOA-sized areas (Data Zones in Scotland and Northern Ireland), each placed at its population-weighted centre. | England, Wales and Northern Ireland were counted in March 2021, during a COVID-19 lockdown; Scotland in March 2022. Travel to work therefore under-counts commuting outside Scotland and over-counts working from home."
census-commute-taxi,Commuters by taxi,Getting to work,unified_census,38215,52.98°N,63,North,1.73°W,15,West,165,71,North,Open Government Licence v3.0,"Scotland's census was a year later (March 2022) than the rest of the UK's (March 2021). | Census Output Areas are grouped into ~47,000 LSOA-sized areas (Data Zones in Scotland and Northern Ireland), each placed at its population-weighted centre. | England, Wales and Northern Ireland were counted in March 2021, during a COVID-19 lockdown; Scotland in March 2022. Travel to work therefore under-counts commuting outside Scotland and over-counts working from home."
census-commute-train,Commuters by train,Getting to work,unified_census,42341,51.56°N,96,South,0.24°W,86,East,120,141,South-east,Open Government Licence v3.0,"Scotland's census was a year later (March 2022) than the rest of the UK's (March 2021). | Census Output Areas are grouped into ~47,000 LSOA-sized areas (Data Zones in Scotland and Northern Ireland), each placed at its population-weighted centre. | England, Wales and Northern Ireland were counted in March 2021, during a COVID-19 lockdown; Scotland in March 2022. Travel to work therefore under-counts commuting outside Scotland and over-counts working from home."
census-health-verybad,Very bad health,Health & care,unified_census,46661,52.67°N,28,North,1.78°W,19,West,15,36,North,Open Government Licence v3.0,"Scotland's census was a year later (March 2022) than the rest of the UK's (March 2021). | Census Output Areas are grouped into ~47,000 LSOA-sized areas (Data Zones in Scotland and Northern Ireland), each placed at its population-weighted centre."
census-heat-bottled,Homes heated only by tank or bottled gas,Heating,unified_census,39171,52.34°N,10,South,1.93°W,29,West,we,29,West,Open Government Licence v3.0,"Scotland's census was a year later (March 2022) than the rest of the UK's (March 2021). | Census Output Areas are grouped into ~47,000 LSOA-sized areas (Data Zones in Scotland and Northern Ireland), each placed at its population-weighted centre."
census-heat-electric,Homes heated only by electricity,Heating,unified_census,45183,51.90°N,58,South,1.37°W,9,East,150,60,South-east,Open Government Licence v3.0,"Scotland's census was a year later (March 2022) than the rest of the UK's (March 2021). | Census Output Areas are grouped into ~47,000 LSOA-sized areas (Data Zones in Scotland and Northern Ireland), each placed at its population-weighted centre."
census-heat-gas,Homes heated only by mains gas,Heating,unified_census,46180,52.48°N,6,North,1.52°W,1,West,165,12,North,Open Government Licence v3.0,"Scotland's census was a year later (March 2022) than the rest of the UK's (March 2021). | Census Output Areas are grouped into ~47,000 LSOA-sized areas (Data Zones in Scotland and Northern Ireland), each placed at its population-weighted centre."
census-heat-oil,Homes heated only by oil,Heating,unified_census,29878,53.00°N,65,North,2.83°W,88,West,we,88,West,Open Government Licence v3.0,"Scotland's census was a year later (March 2022) than the rest of the UK's (March 2021). | Census Output Areas are grouped into ~47,000 LSOA-sized areas (Data Zones in Scotland and Northern Ireland), each placed at its population-weighted centre."
census-heat-renewable,Homes heated only by renewables,Heating,unified_census,24699,52.57°N,17,North,1.98°W,32,West,30,35,North-east,Open Government Licence v3.0,"Scotland's census was a year later (March 2022) than the rest of the UK's (March 2021). | Census Output Areas are grouped into ~47,000 LSOA-sized areas (Data Zones in Scotland and Northern Ireland), each placed at its population-weighted centre."
census-heat-solid,Homes heated only by solid fuel,Heating,unified_census,16214,53.27°N,94,North,2.16°W,44,West,165,105,North,Open Government Licence v3.0,"Scotland's census was a year later (March 2022) than the rest of the UK's (March 2021). | Census Output Areas are grouped into ~47,000 LSOA-sized areas (Data Zones in Scotland and Northern Ireland), each placed at its population-weighted centre."
census-heat-wood,Homes heated only by wood,Heating,unified_census,12770,52.93°N,56,North,2.62°W,74,West,we,74,West,Open Government Licence v3.0,"Scotland's census was a year later (March 2022) than the rest of the UK's (March 2021). | Census Output Areas are grouped into ~47,000 LSOA-sized areas (Data Zones in Scotland and Northern Ireland), each placed at its population-weighted centre."
census-home-caravan,Households in a caravan or mobile home,Homes,unified_census,15344,51.82°N,67,South,1.33°W,12,East,ns,67,South,Open Government Licence v3.0,"Scotland's census was a year later (March 2022) than the rest of the UK's (March 2021). | Census Output Areas are grouped into ~47,000 LSOA-sized areas (Data Zones in Scotland and Northern Ireland), each placed at its population-weighted centre."
census-home-commercial,Households in a commercial building,Homes,unified_census,31438,51.75°N,75,South,1.24°W,18,East,ns,75,South,Open Government Licence v3.0,"Scotland's census was a year later (March 2022) than the rest of the UK's (March 2021). | Census Output Areas are grouped into ~47,000 LSOA-sized areas (Data Zones in Scotland and Northern Ireland), each placed at its population-weighted centre."
census-home-converted,Households in converted or shared houses,Homes,unified_census,40134,51.55°N,97,South,0.35°W,79,East,135,136,South-east,Open Government Licence v3.0,"Scotland's census was a year later (March 2022) than the rest of the UK's (March 2021). | Census Output Areas are grouped into ~47,000 LSOA-sized areas (Data Zones in Scotland and Northern Ireland), each placed at its population-weighted centre."
census-home-detached,Households in detached houses,Homes,unified_census,46607,52.54°N,13,North,1.63°W,9,West,30,17,North-east,Open Government Licence v3.0,"Scotland's census was a year later (March 2022) than the rest of the UK's (March 2021). | Census Output Areas are grouped into ~47,000 LSOA-sized areas (Data Zones in Scotland and Northern Ireland), each placed at its population-weighted centre."
census-home-flat,Households in purpose-built flats,Homes,unified_census,44697,51.76°N,73,South,1.22°W,19,East,ns,73,South,Open Government Licence v3.0,"Scotland's census was a year later (March 2022) than the rest of the UK's (March 2021). | Census Output Areas are grouped into ~47,000 LSOA-sized areas (Data Zones in Scotland and Northern Ireland), each placed at its population-weighted centre."
census-home-semi,Households in semi-detached houses,Homes,unified_census,46738,52.63°N,23,North,1.59°W,6,West,30,29,North-east,Open Government Licence v3.0,"Scotland's census was a year later (March 2022) than the rest of the UK's (March 2021). | Census Output Areas are grouped into ~47,000 LSOA-sized areas (Data Zones in Scotland and Northern Ireland), each placed at its population-weighted centre."
census-home-terraced,Households in terraced houses,Homes,unified_census,46326,52.49°N,7,North,1.59°W,6,West,165,14,North,Open Government Licence v3.0,"Scotland's census was a year later (March 2022) than the rest of the UK's (March 2021). | Census Output Areas are grouped into ~47,000 LSOA-sized areas (Data Zones in Scotland and Northern Ireland), each placed at its population-weighted centre."
census-hours-49plus,People working 49+ hours a week,Work & qualifications,unified_census,46834,52.04°N,42,South,1.29°W,14,East,150,44,South-east,Open Government Licence v3.0,"Scotland's census was a year later (March 2022) than the rest of the UK's (March 2021). | Census Output Areas are grouped into ~47,000 LSOA-sized areas (Data Zones in Scotland and Northern Ireland), each placed at its population-weighted centre."
census-job-managers,"Managers, directors and senior officials",Work & qualifications,unified_census,46835,51.91°N,57,South,1.25°W,17,East,ns,57,South,Open Government Licence v3.0,"Scotland's census was a year later (March 2022) than the rest of the UK's (March 2021). | Census Output Areas are grouped into ~47,000 LSOA-sized areas (Data Zones in Scotland and Northern Ireland), each placed at its population-weighted centre."
census-job-operatives,"Process, plant and machine operatives",Work & qualifications,unified_census,46829,52.60°N,20,North,1.57°W,4,West,30,25,North-east,Open Government Licence v3.0,"Scotland's census was a year later (March 2022) than the rest of the UK's (March 2021). | Census Output Areas are grouped into ~47,000 LSOA-sized areas (Data Zones in Scotland and Northern Ireland), each placed at its population-weighted centre."
census-job-trades,Skilled trades,Work & qualifications,unified_census,46843,52.47°N,5,North,1.57°W,5,West,165,8,North,Open Government Licence v3.0,"Scotland's census was a year later (March 2022) than the rest of the UK's (March 2021). | Census Output Areas are grouped into ~47,000 LSOA-sized areas (Data Zones in Scotland and Northern Ireland), each placed at its population-weighted centre."
census-population,Usual residents (census),Population,unified_census,46844,52.42°N,0,,1.50°W,0,,ns,0,,Open Government Licence v3.0,"Scotland's census was a year later (March 2022) than the rest of the UK's (March 2021). | Census Output Areas are grouped into ~47,000 LSOA-sized areas (Data Zones in Scotland and Northern Ireland), each placed at its population-weighted centre."
census-qual-apprentice,Apprenticeships,Work & qualifications,unified_census,46842,52.66°N,26,North,1.68°W,12,West,15,34,North,Open Government Licence v3.0,"Scotland's census was a year later (March 2022) than the rest of the UK's (March 2021). | Census Output Areas are grouped into ~47,000 LSOA-sized areas (Data Zones in Scotland and Northern Ireland), each placed at its population-weighted centre. | Qualification levels are harmonised across four different education systems; Scotland's levels in particular are not exact equivalents."
census-qual-degree,Degree-level qualifications,Work & qualifications,unified_census,46844,52.20°N,24,South,1.47°W,2,East,150,27,South-east,Open Government Licence v3.0,"Scotland's census was a year later (March 2022) than the rest of the UK's (March 2021). | Census Output Areas are grouped into ~47,000 LSOA-sized areas (Data Zones in Scotland and Northern Ireland), each placed at its population-weighted centre. | Qualification levels are harmonised across four different education systems; Scotland's levels in particular are not exact equivalents."
census-qual-none,No qualifications,Work & qualifications,unified_census,46844,52.55°N,15,North,1.55°W,4,West,165,21,North,Open Government Licence v3.0,"Scotland's census was a year later (March 2022) than the rest of the UK's (March 2021). | Census Output Areas are grouped into ~47,000 LSOA-sized areas (Data Zones in Scotland and Northern Ireland), each placed at its population-weighted centre. | Qualification levels are harmonised across four different education systems; Scotland's levels in particular are not exact equivalents."
census-sick,Long-term sick or disabled,Health & care,unified_census,46824,52.74°N,35,North,1.80°W,20,West,15,45,North,Open Government Licence v3.0,"Scotland's census was a year later (March 2022) than the rest of the UK's (March 2021). | Census Output Areas are grouped into ~47,000 LSOA-sized areas (Data Zones in Scotland and Northern Ireland), each placed at its population-weighted centre."
census-tenure-outright,Households that own outright,Owning & renting,unified_census,46843,52.53°N,12,North,1.65°W,10,West,165,16,North,Open Government Licence v3.0,"Scotland's census was a year later (March 2022) than the rest of the UK's (March 2021). | Census Output Areas are grouped into ~47,000 LSOA-sized areas (Data Zones in Scotland and Northern Ireland), each placed at its population-weighted centre."
census-tenure-private,Households renting privately,Owning & renting,unified_census,46832,52.19°N,26,South,1.38°W,8,East,150,31,South-east,Open Government Licence v3.0,"Scotland's census was a year later (March 2022) than the rest of the UK's (March 2021). | Census Output Areas are grouped into ~47,000 LSOA-sized areas (Data Zones in Scotland and Northern Ireland), each placed at its population-weighted centre."
census-tenure-social,Households renting socially,Owning & renting,unified_census,46165,52.54°N,13,North,1.54°W,2,West,165,20,North,Open Government Licence v3.0,"Scotland's census was a year later (March 2022) than the rest of the UK's (March 2021). | Census Output Areas are grouped into ~47,000 LSOA-sized areas (Data Zones in Scotland and Northern Ireland), each placed at its population-weighted centre."
census-work-from-home,People working mainly from home,Getting to work,unified_census,46844,51.88°N,60,South,1.26°W,16,East,ns,60,South,Open Government Licence v3.0,"Scotland's census was a year later (March 2022) than the rest of the UK's (March 2021). | Census Output Areas are grouped into ~47,000 LSOA-sized areas (Data Zones in Scotland and Northern Ireland), each placed at its population-weighted centre. | England, Wales and Northern Ireland were counted in March 2021, during a COVID-19 lockdown; Scotland in March 2022. Travel to work therefore under-counts commuting outside Scotland and over-counts working from home."
ge24-con,"Conservative votes, 2024",Election night,ge2024,635,52.00°N,47,South,1.28°W,15,East,150,54,South-east,Open Parliament Licence v3.0,"Each constituency's votes sit at one point, ONS's label point for the constituency (650 points)."
ge24-green,"Green votes, 2024",Election night,ge2024,629,52.02°N,45,South,1.37°W,9,East,150,54,South-east,Open Parliament Licence v3.0,"Each constituency's votes sit at one point, ONS's label point for the constituency (650 points)."
ge24-labour,"Labour votes, 2024",Election night,ge2024,631,52.54°N,13,North,1.52°W,1,West,165,18,North,Open Parliament Licence v3.0,"Each constituency's votes sit at one point, ONS's label point for the constituency (650 points). | Labour does not stand candidates in Northern Ireland"
ge24-libdem,"Liberal Democrat votes, 2024",Election night,ge2024,630,51.60°N,91,South,1.35°W,11,East,ns,91,South,Open Parliament Licence v3.0,"Each constituency's votes sit at one point, ONS's label point for the constituency (650 points). | The Liberal Democrats do not stand candidates in Northern Ireland"
ge24-nonvoters,"Registered voters who did not vote, 2024",Election night,ge2024,650,52.53°N,12,North,1.57°W,4,West,165,20,North,Open Parliament Licence v3.0,"Each constituency's votes sit at one point, ONS's label point for the constituency (650 points)."
ge24-reform,"Reform UK votes, 2024",Election night,ge2024,609,52.46°N,5,North,1.47°W,2,East,45,9,North-east,Open Parliament Licence v3.0,"Each constituency's votes sit at one point, ONS's label point for the constituency (650 points). | Reform UK stood no candidates in Northern Ireland in 2024"
hmrc-additional-rate,Additional-rate (top-rate) taxpayers,Income & tax,hmrc,296,51.55°N,97,South,0.39°W,76,East,120,132,South-east,Open Government Licence v3.0,"Survey of Personal Incomes: a sample of taxpayers, so local figures are estimates, published rounded to the nearest thousand people / £1m. | Covers taxpayers only. In 2023-24 people whose only income is the state pension are largely not captured. | Small counts rounded to thousands: many authorities report 0 or are suppressed."
hmrc-employed,Taxpayers with a job,Income & tax,hmrc,359,52.35°N,8,South,1.51°W,0,West,150,11,South-east,Open Government Licence v3.0,"Survey of Personal Incomes: a sample of taxpayers, so local figures are estimates, published rounded to the nearest thousand people / £1m. | Covers taxpayers only. In 2023-24 people whose only income is the state pension are largely not captured."
hmrc-higher-rate,Higher-rate taxpayers,Income & tax,hmrc,359,51.86°N,62,South,1.23°W,18,East,150,67,South-east,Open Government Licence v3.0,"Survey of Personal Incomes: a sample of taxpayers, so local figures are estimates, published rounded to the nearest thousand people / £1m. | Covers taxpayers only. In 2023-24 people whose only income is the state pension are largely not captured. | Scotland has its own income-tax bands; HMRC maps Scottish taxpayers onto the UK higher-rate category."
hmrc-pension,Taxpayers with pension income,Income & tax,hmrc,359,52.49°N,7,North,1.59°W,6,West,105,10,West,Open Government Licence v3.0,"Survey of Personal Incomes: a sample of taxpayers, so local figures are estimates, published rounded to the nearest thousand people / £1m. | Covers taxpayers only. In 2023-24 people whose only income is the state pension are largely not captured. | Taxpayers with pension income — not all retired people (see the state-pension caveat)."
hmrc-self-employed,Self-employed taxpayers,Income & tax,hmrc,359,51.89°N,59,South,1.30°W,14,East,ns,59,South,Open Government Licence v3.0,"Survey of Personal Incomes: a sample of taxpayers, so local figures are estimates, published rounded to the nearest thousand people / £1m. | Covers taxpayers only. In 2023-24 people whose only income is the state pension are largely not captured."
hmrc-tax-amount,Income tax paid,Income & tax,hmrc,359,51.65°N,86,South,0.79°W,49,East,135,99,South-east,Open Government Licence v3.0,"Survey of Personal Incomes: a sample of taxpayers, so local figures are estimates, published rounded to the nearest thousand people / £1m. | Covers taxpayers only. In 2023-24 people whose only income is the state pension are largely not captured."
hmrc-taxpayers,Income taxpayers,Income & tax,hmrc,359,52.35°N,8,South,1.51°W,0,West,150,11,South-east,Open Government Licence v3.0,"Survey of Personal Incomes: a sample of taxpayers, so local figures are estimates, published rounded to the nearest thousand people / £1m. | Covers taxpayers only. In 2023-24 people whose only income is the state pension are largely not captured."
osm-aldi,Aldi shops,Supermarket sweep,osm,1009,52.96°N,60,North,1.78°W,19,West,165,62,North,Open Database Licence (ODbL) 1.0,"OpenStreetMap is mapped by volunteers: well-known chains are close to complete, but coverage of small or rural places varies. | Each place counts once, wherever it is; a shop mapped as both a point and a building may occasionally count twice. | Aldi has no stores in Northern Ireland."
osm-breweries,Breweries,Out and about,osm,879,52.44°N,2,North,1.66°W,11,West,30,23,North-east,Open Database Licence (ODbL) 1.0,"OpenStreetMap is mapped by volunteers: well-known chains are close to complete, but coverage of small or rural places varies. | Each place counts once, wherever it is; a shop mapped as both a point and a building may occasionally count twice."
osm-castles,Castles,Heritage & coast,osm,1348,54.40°N,220,North,3.03°W,99,West,165,273,North,Open Database Licence (ODbL) 1.0,"OpenStreetMap is mapped by volunteers: well-known chains are close to complete, but coverage of small or rural places varies. | Each place counts once, wherever it is; a shop mapped as both a point and a building may occasionally count twice."
osm-chippies,Fish and chip shops,Out and about,osm,6977,52.64°N,24,North,1.62°W,8,West,15,36,North,Open Database Licence (ODbL) 1.0,"OpenStreetMap is mapped by volunteers: well-known chains are close to complete, but coverage of small or rural places varies. | Each place counts once, wherever it is; a shop mapped as both a point and a building may occasionally count twice."
osm-costa,Costa Coffee shops,High street,osm,2365,52.06°N,41,South,1.38°W,8,East,ns,41,South,Open Database Licence (ODbL) 1.0,"OpenStreetMap is mapped by volunteers: well-known chains are close to complete, but coverage of small or rural places varies. | Each place counts once, wherever it is; a shop mapped as both a point and a building may occasionally count twice."
osm-distilleries,Distilleries,Out and about,osm,273,55.97°N,395,North,3.24°W,110,West,165,440,North,Open Database Licence (ODbL) 1.0,"OpenStreetMap is mapped by volunteers: well-known chains are close to complete, but coverage of small or rural places varies. | Each place counts once, wherever it is; a shop mapped as both a point and a building may occasionally count twice."
osm-golf,Golf courses,Out and about,osm,3190,52.81°N,43,North,2.00°W,33,West,165,50,North,Open Database Licence (ODbL) 1.0,"OpenStreetMap is mapped by volunteers: well-known chains are close to complete, but coverage of small or rural places varies. | Each place counts once, wherever it is; a shop mapped as both a point and a building may occasionally count twice."
osm-greggs,Greggs shops,High street,osm,2142,52.66°N,26,North,1.69°W,12,West,165,34,North,Open Database Licence (ODbL) 1.0,"OpenStreetMap is mapped by volunteers: well-known chains are close to complete, but coverage of small or rural places varies. | Each place counts once, wherever it is; a shop mapped as both a point and a building may occasionally count twice."
osm-iceland,Iceland shops,Supermarket sweep,osm,791,52.51°N,10,North,1.55°W,4,West,165,18,North,Open Database Licence (ODbL) 1.0,"OpenStreetMap is mapped by volunteers: well-known chains are close to complete, but coverage of small or rural places varies. | Each place counts once, wherever it is; a shop mapped as both a point and a building may occasionally count twice."
osm-lidl,Lidl shops,Supermarket sweep,osm,1050,52.51°N,9,North,1.78°W,18,West,75,21,West,Open Database Licence (ODbL) 1.0,"OpenStreetMap is mapped by volunteers: well-known chains are close to complete, but coverage of small or rural places varies. | Each place counts once, wherever it is; a shop mapped as both a point and a building may occasionally count twice."
osm-lighthouses,Lighthouses,Heritage & coast,osm,455,55.12°N,300,North,3.26°W,112,West,150,349,North-west,Open Database Licence (ODbL) 1.0,"OpenStreetMap is mapped by volunteers: well-known chains are close to complete, but coverage of small or rural places varies. | Each place counts once, wherever it is; a shop mapped as both a point and a building may occasionally count twice."
osm-mands,M&S shops,Supermarket sweep,osm,1023,51.85°N,63,South,1.15°W,24,East,150,69,South-east,Open Database Licence (ODbL) 1.0,"OpenStreetMap is mapped by volunteers: well-known chains are close to complete, but coverage of small or rural places varies. | Each place counts once, wherever it is; a shop mapped as both a point and a building may occasionally count twice."
osm-mcdonalds,McDonald's restaurants,High street,osm,1465,52.51°N,10,North,1.51°W,1,West,165,12,North,Open Database Licence (ODbL) 1.0,"OpenStreetMap is mapped by volunteers: well-known chains are close to complete, but coverage of small or rural places varies. | Each place counts once, wherever it is; a shop mapped as both a point and a building may occasionally count twice."
osm-morrisons,Morrisons supermarkets,Supermarket sweep,osm,498,52.93°N,56,North,1.80°W,20,West,165,61,North,Open Database Licence (ODbL) 1.0,"OpenStreetMap is mapped by volunteers: well-known chains are close to complete, but coverage of small or rural places varies. | Each place counts once, wherever it is; a shop mapped as both a point and a building may occasionally count twice. | Morrisons has no stores in Northern Ireland."
osm-nandos,Nando's restaurants,High street,osm,467,51.75°N,75,South,1.12°W,26,East,ns,75,South,Open Database Licence (ODbL) 1.0,"OpenStreetMap is mapped by volunteers: well-known chains are close to complete, but coverage of small or rural places varies. | Each place counts once, wherever it is; a shop mapped as both a point and a building may occasionally count twice."
osm-pret,Pret A Manger shops,High street,osm,448,51.52°N,101,South,0.14°W,93,East,120,148,South-east,Open Database Licence (ODbL) 1.0,"OpenStreetMap is mapped by volunteers: well-known chains are close to complete, but coverage of small or rural places varies. | Each place counts once, wherever it is; a shop mapped as both a point and a building may occasionally count twice."
osm-pubs,Pubs,Out and about,osm,38532,52.49°N,7,North,1.59°W,6,West,165,14,North,Open Database Licence (ODbL) 1.0,"OpenStreetMap is mapped by volunteers: well-known chains are close to complete, but coverage of small or rural places varies. | Each place counts once, wherever it is; a shop mapped as both a point and a building may occasionally count twice."
osm-sainsburys,Sainsbury's shops (all formats),Supermarket sweep,osm,1541,51.75°N,75,South,1.09°W,28,East,ns,75,South,Open Database Licence (ODbL) 1.0,"OpenStreetMap is mapped by volunteers: well-known chains are close to complete, but coverage of small or rural places varies. | Each place counts once, wherever it is; a shop mapped as both a point and a building may occasionally count twice."
osm-standing-stones,Standing stones and other megaliths,Heritage & coast,osm,1267,54.22°N,200,North,3.62°W,138,West,165,231,North,Open Database Licence (ODbL) 1.0,"OpenStreetMap is mapped by volunteers: well-known chains are close to complete, but coverage of small or rural places varies. | Each place counts once, wherever it is; a shop mapped as both a point and a building may occasionally count twice."
osm-starbucks,Starbucks shops,High street,osm,1250,52.39°N,3,South,1.41°W,6,East,150,20,South-east,Open Database Licence (ODbL) 1.0,"OpenStreetMap is mapped by volunteers: well-known chains are close to complete, but coverage of small or rural places varies. | Each place counts once, wherever it is; a shop mapped as both a point and a building may occasionally count twice."
osm-stations,Railway stations,Out and about,osm,3239,52.50°N,9,North,1.87°W,25,West,75,25,West,Open Database Licence (ODbL) 1.0,"OpenStreetMap is mapped by volunteers: well-known chains are close to complete, but coverage of small or rural places varies. | Each place counts once, wherever it is; a shop mapped as both a point and a building may occasionally count twice."
osm-tesco,Tesco shops (all formats),Supermarket sweep,osm,3054,51.91°N,57,South,1.36°W,9,East,ns,57,South,Open Database Licence (ODbL) 1.0,"OpenStreetMap is mapped by volunteers: well-known chains are close to complete, but coverage of small or rural places varies. | Each place counts once, wherever it is; a shop mapped as both a point and a building may occasionally count twice."
osm-waitrose,Waitrose shops,Supermarket sweep,osm,326,51.54°N,98,South,0.71°W,54,East,135,121,South-east,Open Database Licence (ODbL) 1.0,"OpenStreetMap is mapped by volunteers: well-known chains are close to complete, but coverage of small or rural places varies. | Each place counts once, wherever it is; a shop mapped as both a point and a building may occasionally count twice. | Waitrose has no shops in Northern Ireland."
osm-wetherspoon,Wetherspoon pubs,High street,osm,831,52.48°N,6,North,1.56°W,4,West,165,10,North,Open Database Licence (ODbL) 1.0,"OpenStreetMap is mapped by volunteers: well-known chains are close to complete, but coverage of small or rural places varies. | Each place counts once, wherever it is; a shop mapped as both a point and a building may occasionally count twice."
osm-windmills,Windmills (historic),Heritage & coast,osm,533,52.35°N,8,South,0.42°W,73,East,105,93,East,Open Database Licence (ODbL) 1.0,"OpenStreetMap is mapped by volunteers: well-known chains are close to complete, but coverage of small or rural places varies. | Each place counts once, wherever it is; a shop mapped as both a point and a building may occasionally count twice."
pop-all,Population,Population,population,361,52.42°N,0,South,1.51°W,1,West,120,2,North-west,Open Government Licence v3.0,"One point per local authority (361), placed at ONS's label point for that authority."
repd-battery,Battery storage capacity (MW),Power,repd,150,52.56°N,15,North,1.54°W,3,West,30,26,North-east,Open Government Licence v3.0,"Projects of 150 kW and above only: rooftop and small solar is not in REPD. | Coordinates are British National Grid for the whole UK, including Northern Ireland."
repd-battery-pipeline,Battery storage consented or being built (MW),Power,repd,1108,53.57°N,127,North,2.10°W,39,West,ns,127,North,Open Government Licence v3.0,"Projects of 150 kW and above only: rooftop and small solar is not in REPD. | Coordinates are British National Grid for the whole UK, including Northern Ireland."
repd-hydro,Hydro-electric schemes,Power,repd,97,56.76°N,482,North,4.72°W,197,West,165,528,North,Open Government Licence v3.0,"Projects of 150 kW and above only: rooftop and small solar is not in REPD. | Coordinates are British National Grid for the whole UK, including Northern Ireland. | Counted as schemes, not megawatts: by capacity a handful of large Highland schemes decide the line on their own. Pumped storage is excluded. | Northern Ireland has no hydro scheme of 150 kW or more in REPD."
repd-solar,Solar farm capacity (MW),Power,repd,1389,51.81°N,68,South,1.51°W,1,West,ns,68,South,Open Government Licence v3.0,"Projects of 150 kW and above only: rooftop and small solar is not in REPD. | Coordinates are British National Grid for the whole UK, including Northern Ireland."
repd-solar-pipeline,Solar capacity consented or being built (MW),Power,repd,3845,52.80°N,42,North,1.01°W,33,East,45,69,North-east,Open Government Licence v3.0,"Projects of 150 kW and above only: rooftop and small solar is not in REPD. | Coordinates are British National Grid for the whole UK, including Northern Ireland."
repd-wind-offshore,Offshore wind capacity (MW),Power,repd,49,53.58°N,129,North,0.50°E,130,East,45,161,North-east,Open Government Licence v3.0,"Projects of 150 kW and above only: rooftop and small solar is not in REPD. | Coordinates are British National Grid for the whole UK, including Northern Ireland. | Each wind farm sits at the coordinates REPD gives for it, out at sea; it is named after the nearest local authority. | Some North Sea farms (Hornsea, East Anglia) lie east of the map edge at 1.9°E: they count towards the answer but are not drawn. | Northern Ireland has no operating offshore wind farm."
repd-wind-onshore,Onshore wind capacity (MW),Power,repd,785,55.50°N,342,North,3.74°W,141,West,150,376,North-west,Open Government Licence v3.0,"Projects of 150 kW and above only: rooftop and small solar is not in REPD. | Coordinates are British National Grid for the whole UK, including Northern Ireland."
