theme,stat_1,stat_2,stat_3,axis,normal_axis,normal_min_gap_km,pro_target,pro_min_gap_km
supermarkets,osm-waitrose,osm-sainsburys,osm-tesco,ns,ns,21,50,21
supermarkets,osm-waitrose,osm-sainsburys,osm-lidl,ns,ns,21,50,21
supermarkets,osm-waitrose,osm-sainsburys,osm-lidl,we,we,25,50,25
supermarkets,osm-waitrose,osm-sainsburys,osm-iceland,ns,ns,21,50,21
supermarkets,osm-waitrose,osm-sainsburys,osm-iceland,we,we,25,50,25
supermarkets,osm-waitrose,osm-sainsburys,osm-aldi,ns,ns,21,50,21
supermarkets,osm-waitrose,osm-sainsburys,osm-aldi,we,we,25,50,25
supermarkets,osm-waitrose,osm-sainsburys,osm-morrisons,ns,ns,21,50,21
supermarkets,osm-waitrose,osm-sainsburys,osm-morrisons,we,we,25,50,25
supermarkets,osm-waitrose,osm-mands,osm-lidl,ns,ns,32,50,32
supermarkets,osm-waitrose,osm-mands,osm-lidl,we,we,31,50,31
supermarkets,osm-waitrose,osm-mands,osm-iceland,ns,ns,32,50,32
supermarkets,osm-waitrose,osm-mands,osm-iceland,we,we,25,50,25
supermarkets,osm-waitrose,osm-mands,osm-aldi,ns,ns,32,50,32
supermarkets,osm-waitrose,osm-mands,osm-aldi,we,we,31,50,31
supermarkets,osm-waitrose,osm-mands,osm-morrisons,ns,ns,32,50,32
supermarkets,osm-waitrose,osm-mands,osm-morrisons,we,we,31,50,31
supermarkets,osm-waitrose,osm-tesco,osm-lidl,ns,ns,43,50,43
supermarkets,osm-waitrose,osm-tesco,osm-lidl,we,we,28,50,28
supermarkets,osm-waitrose,osm-tesco,osm-iceland,ns,ns,43,50,43
supermarkets,osm-waitrose,osm-tesco,osm-aldi,ns,ns,43,50,43
supermarkets,osm-waitrose,osm-tesco,osm-aldi,we,we,28,50,28
supermarkets,osm-waitrose,osm-tesco,osm-morrisons,ns,ns,43,50,43
supermarkets,osm-waitrose,osm-tesco,osm-morrisons,we,we,28,50,28
supermarkets,osm-waitrose,osm-lidl,osm-aldi,ns,ns,54,50,54
supermarkets,osm-waitrose,osm-lidl,osm-morrisons,ns,ns,47,50,47
supermarkets,osm-waitrose,osm-iceland,osm-aldi,ns,ns,54,50,54
supermarkets,osm-waitrose,osm-iceland,osm-morrisons,ns,ns,47,50,47
supermarkets,osm-sainsburys,osm-tesco,osm-lidl,ns,ns,21,50,21
supermarkets,osm-sainsburys,osm-tesco,osm-iceland,ns,ns,21,50,21
supermarkets,osm-sainsburys,osm-tesco,osm-aldi,ns,ns,21,50,21
supermarkets,osm-sainsburys,osm-tesco,osm-morrisons,ns,ns,21,50,21
supermarkets,osm-sainsburys,osm-lidl,osm-aldi,ns,ns,54,50,54
supermarkets,osm-sainsburys,osm-lidl,osm-morrisons,ns,ns,47,50,47
supermarkets,osm-sainsburys,osm-iceland,osm-aldi,ns,ns,54,50,54
supermarkets,osm-sainsburys,osm-iceland,osm-morrisons,ns,ns,47,50,47
supermarkets,osm-mands,osm-lidl,osm-aldi,ns,ns,54,50,54
supermarkets,osm-mands,osm-lidl,osm-morrisons,ns,ns,47,50,47
supermarkets,osm-mands,osm-iceland,osm-aldi,ns,ns,54,50,54
supermarkets,osm-mands,osm-iceland,osm-morrisons,ns,ns,47,50,47
supermarkets,osm-tesco,osm-lidl,osm-aldi,ns,ns,54,50,54
supermarkets,osm-tesco,osm-lidl,osm-morrisons,ns,ns,47,50,47
supermarkets,osm-tesco,osm-iceland,osm-aldi,ns,ns,54,50,54
supermarkets,osm-tesco,osm-iceland,osm-morrisons,ns,ns,47,50,47
highstreet,osm-pret,osm-nandos,osm-costa,ns,ns,26,50,26
highstreet,osm-pret,osm-nandos,osm-starbucks,ns,ns,26,50,26
highstreet,osm-pret,osm-nandos,osm-starbucks,we,we,20,50,20
highstreet,osm-pret,osm-nandos,osm-mcdonalds,ns,ns,26,50,26
highstreet,osm-pret,osm-nandos,osm-mcdonalds,we,we,25,50,25
highstreet,osm-pret,osm-nandos,osm-greggs,ns,ns,26,50,26
highstreet,osm-pret,osm-nandos,osm-greggs,we,we,35,50,35
highstreet,osm-pret,osm-nandos,osm-chippies,ns,ns,26,50,26
highstreet,osm-pret,osm-nandos,osm-chippies,we,we,34,50,34
highstreet,osm-pret,osm-nandos,osm-distilleries,ns,ns,26,50,26
highstreet,osm-pret,osm-nandos,osm-distilleries,we,we,66,50,66
highstreet,osm-pret,osm-nandos,osm-pubs,ns,ns,26,50,26
highstreet,osm-pret,osm-nandos,osm-pubs,we,we,31,50,31
highstreet,osm-pret,osm-nandos,osm-breweries,ns,ns,26,50,26
highstreet,osm-pret,osm-nandos,osm-breweries,we,we,32,50,32
highstreet,osm-pret,osm-costa,osm-starbucks,ns,ns,38,50,38
highstreet,osm-pret,osm-costa,osm-mcdonalds,ns,ns,51,50,51
highstreet,osm-pret,osm-costa,osm-greggs,ns,ns,58,50,58
highstreet,osm-pret,osm-costa,osm-chippies,ns,ns,58,50,58
highstreet,osm-pret,osm-costa,osm-distilleries,ns,ns,58,50,58
highstreet,osm-pret,osm-costa,osm-distilleries,we,we,83,50,83
highstreet,osm-pret,osm-costa,osm-pubs,ns,ns,50,50,50
highstreet,osm-pret,osm-costa,osm-breweries,ns,ns,41,50,41
highstreet,osm-pret,osm-starbucks,osm-greggs,ns,ns,31,50,31
highstreet,osm-pret,osm-starbucks,osm-chippies,ns,ns,30,50,30
highstreet,osm-pret,osm-starbucks,osm-distilleries,ns,ns,96,50,96
highstreet,osm-pret,osm-starbucks,osm-distilleries,we,we,85,50,85
highstreet,osm-pret,osm-mcdonalds,osm-distilleries,ns,ns,109,50,109
highstreet,osm-pret,osm-mcdonalds,osm-distilleries,we,we,91,50,91
highstreet,osm-pret,osm-greggs,osm-distilleries,ns,ns,127,50,127
highstreet,osm-pret,osm-greggs,osm-distilleries,we,we,100,50,100
highstreet,osm-pret,osm-greggs,osm-breweries,ns,ns,28,50,28
highstreet,osm-pret,osm-chippies,osm-distilleries,ns,ns,126,50,126
highstreet,osm-pret,osm-chippies,osm-distilleries,we,we,99,50,99
highstreet,osm-pret,osm-chippies,osm-breweries,ns,ns,27,50,27
highstreet,osm-pret,osm-distilleries,osm-pubs,ns,ns,109,50,109
highstreet,osm-pret,osm-distilleries,osm-pubs,we,we,97,50,97
highstreet,osm-pret,osm-distilleries,osm-breweries,ns,ns,99,50,99
highstreet,osm-pret,osm-distilleries,osm-breweries,we,we,97,50,97
highstreet,osm-nandos,osm-costa,osm-starbucks,ns,ns,32,50,32
highstreet,osm-nandos,osm-costa,osm-mcdonalds,ns,ns,32,50,32
highstreet,osm-nandos,osm-costa,osm-greggs,ns,ns,32,50,32
highstreet,osm-nandos,osm-costa,osm-chippies,ns,ns,32,50,32
highstreet,osm-nandos,osm-costa,osm-distilleries,ns,ns,32,50,32
highstreet,osm-nandos,osm-costa,osm-pubs,ns,ns,32,50,32
highstreet,osm-nandos,osm-costa,osm-breweries,ns,ns,32,50,32
highstreet,osm-nandos,osm-starbucks,osm-greggs,ns,ns,31,50,31
highstreet,osm-nandos,osm-starbucks,osm-chippies,ns,ns,30,50,30
highstreet,osm-nandos,osm-starbucks,osm-distilleries,ns,ns,70,50,70
highstreet,osm-nandos,osm-starbucks,osm-distilleries,we,we,20,50,20
highstreet,osm-nandos,osm-mcdonalds,osm-distilleries,ns,ns,83,50,83
highstreet,osm-nandos,osm-mcdonalds,osm-distilleries,we,we,25,50,25
highstreet,osm-nandos,osm-greggs,osm-distilleries,ns,ns,101,50,101
highstreet,osm-nandos,osm-greggs,osm-distilleries,we,we,35,50,35
highstreet,osm-nandos,osm-greggs,osm-breweries,ns,ns,28,50,28
highstreet,osm-nandos,osm-chippies,osm-distilleries,ns,ns,100,50,100
highstreet,osm-nandos,osm-chippies,osm-distilleries,we,we,34,50,34
highstreet,osm-nandos,osm-chippies,osm-breweries,ns,ns,27,50,27
highstreet,osm-nandos,osm-distilleries,osm-pubs,ns,ns,83,50,83
highstreet,osm-nandos,osm-distilleries,osm-pubs,we,we,31,50,31
highstreet,osm-nandos,osm-distilleries,osm-breweries,ns,ns,73,50,73
highstreet,osm-nandos,osm-distilleries,osm-breweries,we,we,32,50,32
highstreet,osm-costa,osm-starbucks,osm-greggs,ns,ns,31,50,31
highstreet,osm-costa,osm-starbucks,osm-chippies,ns,ns,30,50,30
highstreet,osm-costa,osm-starbucks,osm-distilleries,ns,ns,38,50,38
highstreet,osm-costa,osm-mcdonalds,osm-distilleries,ns,ns,51,50,51
highstreet,osm-costa,osm-greggs,osm-distilleries,ns,ns,68,50,68
highstreet,osm-costa,osm-greggs,osm-breweries,ns,ns,28,50,28
highstreet,osm-costa,osm-chippies,osm-distilleries,ns,ns,67,50,67
highstreet,osm-costa,osm-chippies,osm-breweries,ns,ns,27,50,27
highstreet,osm-costa,osm-distilleries,osm-pubs,ns,ns,50,50,50
highstreet,osm-costa,osm-distilleries,osm-breweries,ns,ns,41,50,41
highstreet,osm-starbucks,osm-greggs,osm-distilleries,ns,ns,31,50,31
highstreet,osm-starbucks,osm-chippies,osm-distilleries,ns,ns,30,50,30
highstreet,osm-greggs,osm-distilleries,osm-breweries,ns,ns,28,50,28
highstreet,osm-chippies,osm-distilleries,osm-breweries,ns,ns,27,50,27
heating,census-heat-oil,census-heat-solid,census-heat-gas,ns,ns,26,50,26
heating,census-heat-oil,census-heat-solid,census-heat-gas,we,we,40,50,40
heating,census-heat-oil,census-heat-solid,census-heat-electric,ns,ns,26,50,26
heating,census-heat-oil,census-heat-solid,census-heat-electric,we,we,45,50,45
heating,census-heat-oil,census-heat-solid,census-heat-bottled,ns,ns,26,50,26
heating,census-heat-oil,census-heat-solid,census-heat-renewable,ns,ns,26,50,26
heating,census-heat-oil,census-heat-gas,census-heat-electric,ns,ns,60,50,60
heating,census-heat-oil,census-heat-gas,census-heat-bottled,we,we,26,50,26
heating,census-heat-oil,census-heat-gas,census-heat-renewable,we,we,30,50,30
heating,census-heat-oil,census-heat-electric,census-heat-bottled,ns,ns,49,50,49
heating,census-heat-oil,census-heat-electric,census-heat-bottled,we,we,36,50,36
heating,census-heat-oil,census-heat-electric,census-heat-renewable,ns,ns,47,50,47
heating,census-heat-oil,census-heat-electric,census-heat-renewable,we,we,39,50,39
heating,census-heat-oil,census-heat-bottled,census-heat-renewable,ns,ns,29,50,29
heating,census-heat-solid,census-heat-wood,census-heat-gas,ns,ns,36,50,36
heating,census-heat-solid,census-heat-wood,census-heat-gas,we,we,37,50,37
heating,census-heat-solid,census-heat-wood,census-heat-electric,ns,ns,36,50,36
heating,census-heat-solid,census-heat-wood,census-heat-electric,we,we,37,50,37
heating,census-heat-solid,census-heat-wood,census-heat-bottled,ns,ns,36,50,36
heating,census-heat-solid,census-heat-wood,census-heat-renewable,ns,ns,36,50,36
heating,census-heat-solid,census-heat-gas,census-heat-electric,ns,ns,65,50,65
heating,census-heat-solid,census-heat-electric,census-heat-bottled,ns,ns,49,50,49
heating,census-heat-solid,census-heat-electric,census-heat-renewable,ns,ns,72,50,72
heating,census-heat-solid,census-heat-bottled,census-heat-renewable,ns,ns,29,50,29
heating,census-heat-wood,census-heat-gas,census-heat-electric,ns,ns,50,50,50
heating,census-heat-wood,census-heat-gas,census-heat-bottled,we,we,26,50,26
heating,census-heat-wood,census-heat-gas,census-heat-renewable,we,we,30,50,30
heating,census-heat-wood,census-heat-electric,census-heat-bottled,ns,ns,49,50,49
heating,census-heat-wood,census-heat-electric,census-heat-bottled,we,we,36,50,36
heating,census-heat-wood,census-heat-electric,census-heat-renewable,ns,ns,36,50,36
heating,census-heat-wood,census-heat-electric,census-heat-renewable,we,we,39,50,39
heating,census-heat-wood,census-heat-bottled,census-heat-renewable,ns,ns,29,50,29
heating,census-heat-electric,census-heat-bottled,census-heat-renewable,ns,ns,29,50,29
power,repd-hydro,repd-wind-onshore,repd-wind-offshore,ns,ns,140,50,140
power,repd-hydro,repd-wind-onshore,repd-wind-offshore,we,we,60,50,60
power,repd-hydro,repd-wind-onshore,repd-solar,ns,ns,140,50,140
power,repd-hydro,repd-wind-onshore,repd-solar,we,we,60,50,60
power,repd-hydro,repd-wind-onshore,repd-solar-pipeline,ns,ns,140,50,140
power,repd-hydro,repd-wind-onshore,repd-solar-pipeline,we,we,60,50,60
power,repd-hydro,repd-wind-onshore,repd-battery,ns,ns,140,50,140
power,repd-hydro,repd-wind-onshore,repd-battery,we,we,60,50,60
power,repd-hydro,repd-wind-onshore,repd-battery-pipeline,ns,ns,140,50,140
power,repd-hydro,repd-wind-onshore,repd-battery-pipeline,we,we,60,50,60
power,repd-hydro,repd-wind-offshore,repd-solar,ns,ns,197,50,197
power,repd-hydro,repd-wind-offshore,repd-solar,we,we,131,50,131
power,repd-hydro,repd-wind-offshore,repd-solar-pipeline,ns,ns,87,50,87
power,repd-hydro,repd-wind-offshore,repd-solar-pipeline,we,we,98,50,98
power,repd-hydro,repd-wind-offshore,repd-battery,ns,ns,114,50,114
power,repd-hydro,repd-wind-offshore,repd-battery,we,we,133,50,133
power,repd-hydro,repd-wind-offshore,repd-battery-pipeline,we,we,161,50,161
power,repd-hydro,repd-solar,repd-solar-pipeline,ns,ns,110,50,110
power,repd-hydro,repd-solar,repd-solar-pipeline,we,we,33,50,33
power,repd-hydro,repd-solar,repd-battery,ns,ns,83,50,83
power,repd-hydro,repd-solar,repd-battery-pipeline,ns,ns,195,50,195
power,repd-hydro,repd-solar,repd-battery-pipeline,we,we,38,50,38
power,repd-hydro,repd-solar-pipeline,repd-battery,ns,ns,27,50,27
power,repd-hydro,repd-solar-pipeline,repd-battery,we,we,35,50,35
power,repd-hydro,repd-solar-pipeline,repd-battery-pipeline,ns,ns,85,50,85
power,repd-hydro,repd-solar-pipeline,repd-battery-pipeline,we,we,71,50,71
power,repd-hydro,repd-battery,repd-battery-pipeline,ns,ns,112,50,112
power,repd-hydro,repd-battery,repd-battery-pipeline,we,we,36,50,36
power,repd-wind-onshore,repd-wind-offshore,repd-solar,ns,ns,197,50,197
power,repd-wind-onshore,repd-wind-offshore,repd-solar,we,we,131,50,131
power,repd-wind-onshore,repd-wind-offshore,repd-solar-pipeline,ns,ns,87,50,87
power,repd-wind-onshore,repd-wind-offshore,repd-solar-pipeline,we,we,98,50,98
power,repd-wind-onshore,repd-wind-offshore,repd-battery,ns,ns,114,50,114
power,repd-wind-onshore,repd-wind-offshore,repd-battery,we,we,133,50,133
power,repd-wind-onshore,repd-wind-offshore,repd-battery-pipeline,we,we,104,50,104
power,repd-wind-onshore,repd-solar,repd-solar-pipeline,ns,ns,110,50,110
power,repd-wind-onshore,repd-solar,repd-solar-pipeline,we,we,33,50,33
power,repd-wind-onshore,repd-solar,repd-battery,ns,ns,83,50,83
power,repd-wind-onshore,repd-solar,repd-battery-pipeline,ns,ns,195,50,195
power,repd-wind-onshore,repd-solar,repd-battery-pipeline,we,we,38,50,38
power,repd-wind-onshore,repd-solar-pipeline,repd-battery,ns,ns,27,50,27
power,repd-wind-onshore,repd-solar-pipeline,repd-battery,we,we,35,50,35
power,repd-wind-onshore,repd-solar-pipeline,repd-battery-pipeline,ns,ns,85,50,85
power,repd-wind-onshore,repd-solar-pipeline,repd-battery-pipeline,we,we,71,50,71
power,repd-wind-onshore,repd-battery,repd-battery-pipeline,ns,ns,112,50,112
power,repd-wind-onshore,repd-battery,repd-battery-pipeline,we,we,36,50,36
power,repd-wind-offshore,repd-solar,repd-solar-pipeline,ns,ns,87,50,87
power,repd-wind-offshore,repd-solar,repd-solar-pipeline,we,we,33,50,33
power,repd-wind-offshore,repd-solar,repd-battery,ns,ns,83,50,83
power,repd-wind-offshore,repd-solar,repd-battery-pipeline,we,we,38,50,38
power,repd-wind-offshore,repd-solar-pipeline,repd-battery,ns,ns,27,50,27
power,repd-wind-offshore,repd-solar-pipeline,repd-battery,we,we,35,50,35
power,repd-wind-offshore,repd-solar-pipeline,repd-battery-pipeline,we,we,71,50,71
power,repd-wind-offshore,repd-battery,repd-battery-pipeline,we,we,36,50,36
power,repd-solar,repd-solar-pipeline,repd-battery,ns,ns,27,50,27
power,repd-solar,repd-solar-pipeline,repd-battery-pipeline,ns,ns,85,50,85
power,repd-solar,repd-solar-pipeline,repd-battery-pipeline,we,we,33,50,33
power,repd-solar,repd-battery,repd-battery-pipeline,ns,ns,83,50,83
power,repd-solar-pipeline,repd-battery,repd-battery-pipeline,ns,ns,27,50,27
power,repd-solar-pipeline,repd-battery,repd-battery-pipeline,we,we,35,50,35
commute,census-commute-metro,census-commute-taxi,census-commute-motorbike,we,we,42,50,42
commute,census-commute-metro,census-commute-taxi,census-commute-bike,ns,ns,45,50,45
commute,census-commute-metro,census-commute-taxi,census-commute-bike,we,we,42,50,42
commute,census-commute-metro,census-commute-taxi,census-commute-car,ns,ns,47,50,47
commute,census-commute-metro,census-commute-taxi,census-commute-foot,ns,ns,69,50,69
commute,census-commute-metro,census-commute-taxi,census-work-from-home,ns,ns,36,50,36
commute,census-commute-metro,census-commute-taxi,census-work-from-home,we,we,32,50,32
commute,census-commute-metro,census-commute-motorbike,census-commute-car,we,we,35,50,35
commute,census-commute-metro,census-commute-motorbike,census-commute-foot,we,we,25,50,25
commute,census-commute-metro,census-commute-bike,census-commute-car,ns,ns,45,50,45
commute,census-commute-metro,census-commute-bike,census-commute-car,we,we,35,50,35
commute,census-commute-metro,census-commute-bike,census-commute-foot,ns,ns,45,50,45
commute,census-commute-metro,census-commute-bike,census-commute-foot,we,we,25,50,25
commute,census-commute-metro,census-commute-car,census-commute-foot,ns,ns,22,50,22
commute,census-commute-metro,census-commute-car,census-work-from-home,ns,ns,36,50,36
commute,census-commute-metro,census-commute-car,census-work-from-home,we,we,24,50,24
commute,census-commute-metro,census-commute-foot,census-work-from-home,ns,ns,36,50,36
commute,census-commute-train,census-commute-taxi,census-commute-motorbike,we,we,42,50,42
commute,census-commute-train,census-commute-taxi,census-commute-bike,ns,ns,44,50,44
commute,census-commute-train,census-commute-taxi,census-commute-bike,we,we,42,50,42
commute,census-commute-train,census-commute-taxi,census-commute-car,ns,ns,47,50,47
commute,census-commute-train,census-commute-taxi,census-commute-foot,ns,ns,69,50,69
commute,census-commute-train,census-commute-taxi,census-work-from-home,ns,ns,35,50,35
commute,census-commute-train,census-commute-taxi,census-work-from-home,we,we,32,50,32
commute,census-commute-train,census-commute-motorbike,census-commute-car,we,we,35,50,35
commute,census-commute-train,census-commute-motorbike,census-commute-foot,we,we,25,50,25
commute,census-commute-train,census-commute-bike,census-commute-car,ns,ns,44,50,44
commute,census-commute-train,census-commute-bike,census-commute-car,we,we,35,50,35
commute,census-commute-train,census-commute-bike,census-commute-foot,ns,ns,44,50,44
commute,census-commute-train,census-commute-bike,census-commute-foot,we,we,25,50,25
commute,census-commute-train,census-commute-car,census-commute-foot,ns,ns,22,50,22
commute,census-commute-train,census-commute-car,census-work-from-home,ns,ns,35,50,35
commute,census-commute-train,census-commute-car,census-work-from-home,we,we,24,50,24
commute,census-commute-train,census-commute-foot,census-work-from-home,ns,ns,35,50,35
commute,census-commute-taxi,census-commute-motorbike,census-commute-bike,ns,ns,38,50,38
commute,census-commute-taxi,census-commute-motorbike,census-commute-car,ns,ns,47,50,47
commute,census-commute-taxi,census-commute-motorbike,census-commute-foot,ns,ns,69,50,69
commute,census-commute-taxi,census-commute-motorbike,census-work-from-home,ns,ns,29,50,29
commute,census-commute-taxi,census-commute-bike,census-commute-car,ns,ns,47,50,47
commute,census-commute-taxi,census-commute-bike,census-commute-foot,ns,ns,48,50,48
commute,census-commute-taxi,census-commute-car,census-commute-foot,ns,ns,22,50,22
commute,census-commute-taxi,census-commute-car,census-work-from-home,ns,ns,47,50,47
commute,census-commute-taxi,census-commute-foot,census-work-from-home,ns,ns,57,50,57
commute,census-commute-motorbike,census-commute-bike,census-commute-car,ns,ns,38,50,38
commute,census-commute-motorbike,census-commute-bike,census-commute-foot,ns,ns,38,50,38
commute,census-commute-motorbike,census-commute-car,census-commute-foot,ns,ns,22,50,22
commute,census-commute-motorbike,census-commute-car,census-work-from-home,ns,ns,29,50,29
commute,census-commute-motorbike,census-commute-foot,census-work-from-home,ns,ns,29,50,29
commute,census-commute-bike,census-commute-car,census-commute-foot,ns,ns,22,50,22
commute,census-commute-car,census-commute-foot,census-work-from-home,ns,ns,22,50,22
election,ge24-libdem,ge24-con,ge24-labour,ns,ns,44,50,44
election,ge24-libdem,ge24-con,ge24-reform,ns,ns,44,50,44
election,ge24-libdem,ge24-con,ge24-nonvoters,ns,ns,44,50,44
election,ge24-libdem,ge24-green,ge24-labour,ns,ns,46,50,46
election,ge24-libdem,ge24-green,ge24-reform,ns,ns,46,50,46
election,ge24-libdem,ge24-green,ge24-nonvoters,ns,ns,46,50,46
money,hmrc-additional-rate,hmrc-tax-amount,hmrc-higher-rate,we,we,27,50,27
money,hmrc-additional-rate,hmrc-tax-amount,hmrc-self-employed,we,we,27,50,27
money,hmrc-additional-rate,hmrc-tax-amount,hmrc-pension,we,we,27,50,27
money,hmrc-additional-rate,hmrc-tax-amount,hmrc-taxpayers,we,we,27,50,27
money,hmrc-additional-rate,hmrc-higher-rate,hmrc-pension,ns,ns,35,50,35
money,hmrc-additional-rate,hmrc-higher-rate,hmrc-pension,we,we,24,50,24
money,hmrc-additional-rate,hmrc-higher-rate,hmrc-taxpayers,ns,ns,35,50,35
money,hmrc-additional-rate,hmrc-higher-rate,hmrc-taxpayers,we,we,19,50,19
money,hmrc-additional-rate,hmrc-self-employed,hmrc-pension,ns,ns,38,50,38
money,hmrc-additional-rate,hmrc-self-employed,hmrc-pension,we,we,20,50,20
money,hmrc-additional-rate,hmrc-self-employed,hmrc-taxpayers,ns,ns,38,50,38
money,hmrc-tax-amount,hmrc-higher-rate,hmrc-pension,ns,ns,23,50,23
money,hmrc-tax-amount,hmrc-higher-rate,hmrc-pension,we,we,24,50,24
money,hmrc-tax-amount,hmrc-higher-rate,hmrc-taxpayers,ns,ns,23,50,23
money,hmrc-tax-amount,hmrc-higher-rate,hmrc-taxpayers,we,we,19,50,19
money,hmrc-tax-amount,hmrc-self-employed,hmrc-pension,ns,ns,26,50,26
money,hmrc-tax-amount,hmrc-self-employed,hmrc-pension,we,we,20,50,20
money,hmrc-tax-amount,hmrc-self-employed,hmrc-taxpayers,ns,ns,26,50,26
homes,census-home-converted,census-home-flat,census-home-detached,ns,ns,24,50,24
homes,census-home-converted,census-home-flat,census-home-detached,we,we,28,50,28
homes,census-home-converted,census-home-flat,census-home-semi,ns,ns,24,50,24
homes,census-home-converted,census-home-flat,census-home-semi,we,we,24,50,24
homes,census-home-converted,census-home-flat,census-home-terraced,ns,ns,24,50,24
homes,census-home-converted,census-home-flat,census-home-terraced,we,we,26,50,26
homes,census-home-converted,census-home-flat,census-tenure-private,ns,ns,24,50,24
homes,census-home-converted,census-home-flat,census-tenure-outright,ns,ns,24,50,24
homes,census-home-converted,census-home-flat,census-tenure-outright,we,we,28,50,28
homes,census-home-converted,census-home-flat,census-tenure-social,ns,ns,24,50,24
homes,census-home-converted,census-home-flat,census-tenure-social,we,we,22,50,22
homes,census-home-converted,census-home-flat,census-cars-3plus,ns,ns,24,50,24
homes,census-home-converted,census-home-flat,census-cars-3plus,we,we,22,50,22
homes,census-home-converted,census-home-flat,census-cars-none,ns,ns,24,50,24
homes,census-home-converted,census-home-commercial,census-home-detached,ns,ns,23,50,23
homes,census-home-converted,census-home-commercial,census-home-detached,we,we,28,50,28
homes,census-home-converted,census-home-commercial,census-home-semi,ns,ns,23,50,23
homes,census-home-converted,census-home-commercial,census-home-semi,we,we,24,50,24
homes,census-home-converted,census-home-commercial,census-home-terraced,ns,ns,23,50,23
homes,census-home-converted,census-home-commercial,census-home-terraced,we,we,26,50,26
homes,census-home-converted,census-home-commercial,census-tenure-private,ns,ns,23,50,23
homes,census-home-converted,census-home-commercial,census-tenure-outright,ns,ns,23,50,23
homes,census-home-converted,census-home-commercial,census-tenure-outright,we,we,27,50,27
homes,census-home-converted,census-home-commercial,census-tenure-social,ns,ns,23,50,23
homes,census-home-converted,census-home-commercial,census-tenure-social,we,we,22,50,22
homes,census-home-converted,census-home-commercial,census-cars-3plus,ns,ns,23,50,23
homes,census-home-converted,census-home-commercial,census-cars-3plus,we,we,22,50,22
homes,census-home-converted,census-home-commercial,census-cars-none,ns,ns,23,50,23
homes,census-home-converted,census-home-caravan,census-home-detached,ns,ns,31,50,31
homes,census-home-converted,census-home-caravan,census-home-detached,we,we,19,50,19
homes,census-home-converted,census-home-caravan,census-home-semi,ns,ns,31,50,31
homes,census-home-converted,census-home-caravan,census-home-terraced,ns,ns,31,50,31
homes,census-home-converted,census-home-caravan,census-tenure-private,ns,ns,31,50,31
homes,census-home-converted,census-home-caravan,census-tenure-outright,ns,ns,31,50,31
homes,census-home-converted,census-home-caravan,census-tenure-outright,we,we,19,50,19
homes,census-home-converted,census-home-caravan,census-tenure-social,ns,ns,31,50,31
homes,census-home-converted,census-home-caravan,census-cars-3plus,ns,ns,31,50,31
homes,census-home-converted,census-home-caravan,census-cars-none,ns,ns,31,50,31
homes,census-home-converted,census-home-detached,census-tenure-private,ns,ns,38,50,38
homes,census-home-converted,census-home-detached,census-cars-3plus,ns,ns,25,50,25
homes,census-home-converted,census-home-semi,census-tenure-private,ns,ns,47,50,47
homes,census-home-converted,census-home-semi,census-cars-3plus,ns,ns,34,50,34
homes,census-home-converted,census-home-terraced,census-tenure-private,ns,ns,31,50,31
homes,census-home-converted,census-tenure-private,census-tenure-outright,ns,ns,35,50,35
homes,census-home-converted,census-tenure-private,census-tenure-social,ns,ns,36,50,36
homes,census-home-converted,census-tenure-private,census-cars-none,ns,ns,31,50,31
homes,census-home-converted,census-tenure-outright,census-cars-3plus,ns,ns,21,50,21
homes,census-home-converted,census-tenure-social,census-cars-3plus,ns,ns,22,50,22
homes,census-home-flat,census-home-detached,census-tenure-private,ns,ns,38,50,38
homes,census-home-flat,census-home-detached,census-cars-3plus,ns,ns,25,50,25
homes,census-home-flat,census-home-semi,census-tenure-private,ns,ns,47,50,47
homes,census-home-flat,census-home-semi,census-cars-3plus,ns,ns,34,50,34
homes,census-home-flat,census-home-terraced,census-tenure-private,ns,ns,31,50,31
homes,census-home-flat,census-tenure-private,census-tenure-outright,ns,ns,35,50,35
homes,census-home-flat,census-tenure-private,census-tenure-social,ns,ns,36,50,36
homes,census-home-flat,census-tenure-private,census-cars-none,ns,ns,31,50,31
homes,census-home-flat,census-tenure-outright,census-cars-3plus,ns,ns,21,50,21
homes,census-home-flat,census-tenure-social,census-cars-3plus,ns,ns,22,50,22
homes,census-home-commercial,census-home-detached,census-tenure-private,ns,ns,38,50,38
homes,census-home-commercial,census-home-detached,census-cars-3plus,ns,ns,25,50,25
homes,census-home-commercial,census-home-semi,census-tenure-private,ns,ns,47,50,47
homes,census-home-commercial,census-home-semi,census-cars-3plus,ns,ns,34,50,34
homes,census-home-commercial,census-home-terraced,census-tenure-private,ns,ns,31,50,31
homes,census-home-commercial,census-tenure-private,census-tenure-outright,ns,ns,35,50,35
homes,census-home-commercial,census-tenure-private,census-tenure-social,ns,ns,36,50,36
homes,census-home-commercial,census-tenure-private,census-cars-none,ns,ns,31,50,31
homes,census-home-commercial,census-tenure-outright,census-cars-3plus,ns,ns,21,50,21
homes,census-home-commercial,census-tenure-social,census-cars-3plus,ns,ns,22,50,22
homes,census-home-caravan,census-home-detached,census-tenure-private,ns,ns,38,50,38
homes,census-home-caravan,census-home-detached,census-cars-3plus,ns,ns,25,50,25
homes,census-home-caravan,census-home-semi,census-tenure-private,ns,ns,42,50,42
homes,census-home-caravan,census-home-semi,census-cars-3plus,ns,ns,34,50,34
homes,census-home-caravan,census-home-terraced,census-tenure-private,ns,ns,31,50,31
homes,census-home-caravan,census-tenure-private,census-tenure-outright,ns,ns,35,50,35
homes,census-home-caravan,census-tenure-private,census-tenure-social,ns,ns,36,50,36
homes,census-home-caravan,census-tenure-private,census-cars-none,ns,ns,31,50,31
homes,census-home-caravan,census-tenure-outright,census-cars-3plus,ns,ns,21,50,21
homes,census-home-caravan,census-tenure-social,census-cars-3plus,ns,ns,22,50,22
work,census-job-managers,census-qual-degree,census-job-trades,ns,ns,30,50,30
work,census-job-managers,census-qual-degree,census-job-operatives,ns,ns,35,50,35
work,census-job-managers,census-qual-degree,census-qual-apprentice,ns,ns,35,50,35
work,census-job-managers,census-qual-degree,census-qual-none,ns,ns,35,50,35
work,census-job-managers,census-qual-degree,census-sick,ns,ns,35,50,35
work,census-job-managers,census-qual-degree,census-health-verybad,ns,ns,35,50,35
work,census-job-managers,census-qual-degree,census-carers-50h,ns,ns,35,50,35
work,census-job-managers,census-job-trades,census-qual-apprentice,ns,ns,21,50,21
work,census-job-managers,census-job-trades,census-sick,ns,ns,26,50,26
work,census-job-managers,census-job-trades,census-health-verybad,ns,ns,23,50,23
work,census-hours-49plus,census-qual-degree,census-job-trades,ns,ns,18,50,18
work,census-hours-49plus,census-qual-degree,census-job-operatives,ns,ns,18,50,18
work,census-hours-49plus,census-qual-degree,census-qual-apprentice,ns,ns,18,50,18
work,census-hours-49plus,census-qual-degree,census-qual-none,ns,ns,18,50,18
work,census-hours-49plus,census-qual-degree,census-sick,ns,ns,18,50,18
work,census-hours-49plus,census-qual-degree,census-health-verybad,ns,ns,18,50,18
work,census-hours-49plus,census-qual-degree,census-carers-50h,ns,ns,18,50,18
work,census-hours-49plus,census-job-trades,census-qual-apprentice,ns,ns,21,50,21
work,census-hours-49plus,census-job-trades,census-sick,ns,ns,26,50,26
work,census-hours-49plus,census-job-trades,census-health-verybad,ns,ns,23,50,23
work,census-qual-degree,census-job-trades,census-qual-apprentice,ns,ns,21,50,21
work,census-qual-degree,census-job-trades,census-sick,ns,ns,26,50,26
work,census-qual-degree,census-job-trades,census-health-verybad,ns,ns,23,50,23
heritage,osm-castles,osm-standing-stones,osm-lighthouses,we,we,18,50,18
heritage,osm-castles,osm-standing-stones,osm-windmills,we,we,45,50,45
heritage,osm-castles,osm-standing-stones,osm-golf,we,we,45,50,45
heritage,osm-castles,osm-standing-stones,osm-distilleries,we,we,20,50,20
heritage,osm-castles,osm-lighthouses,osm-windmills,ns,ns,84,50,84
heritage,osm-castles,osm-lighthouses,osm-windmills,we,we,18,50,18
heritage,osm-castles,osm-lighthouses,osm-golf,ns,ns,84,50,84
heritage,osm-castles,osm-lighthouses,osm-golf,we,we,18,50,18
heritage,osm-castles,osm-lighthouses,osm-distilleries,ns,ns,84,50,84
heritage,osm-castles,osm-windmills,osm-golf,ns,ns,49,50,49
heritage,osm-castles,osm-windmills,osm-golf,we,we,60,50,60
heritage,osm-castles,osm-windmills,osm-distilleries,ns,ns,180,50,180
heritage,osm-castles,osm-windmills,osm-distilleries,we,we,20,50,20
heritage,osm-castles,osm-golf,osm-distilleries,ns,ns,175,50,175
heritage,osm-castles,osm-golf,osm-distilleries,we,we,20,50,20
heritage,osm-standing-stones,osm-lighthouses,osm-windmills,ns,ns,100,50,100
heritage,osm-standing-stones,osm-lighthouses,osm-windmills,we,we,26,50,26
heritage,osm-standing-stones,osm-lighthouses,osm-golf,ns,ns,100,50,100
heritage,osm-standing-stones,osm-lighthouses,osm-golf,we,we,26,50,26
heritage,osm-standing-stones,osm-lighthouses,osm-distilleries,ns,ns,95,50,95
heritage,osm-standing-stones,osm-windmills,osm-golf,ns,ns,49,50,49
heritage,osm-standing-stones,osm-windmills,osm-golf,we,we,100,50,100
heritage,osm-standing-stones,osm-windmills,osm-distilleries,ns,ns,195,50,195
heritage,osm-standing-stones,osm-windmills,osm-distilleries,we,we,24,50,24
heritage,osm-standing-stones,osm-golf,osm-distilleries,ns,ns,160,50,160
heritage,osm-standing-stones,osm-golf,osm-distilleries,we,we,24,50,24
heritage,osm-lighthouses,osm-windmills,osm-golf,ns,ns,49,50,49
heritage,osm-lighthouses,osm-windmills,osm-golf,we,we,77,50,77
heritage,osm-lighthouses,osm-windmills,osm-distilleries,ns,ns,95,50,95
heritage,osm-lighthouses,osm-golf,osm-distilleries,ns,ns,95,50,95
heritage,osm-windmills,osm-golf,osm-distilleries,ns,ns,49,50,49
heritage,osm-windmills,osm-golf,osm-distilleries,we,we,78,50,78
contrasts,repd-hydro,osm-pret,osm-waitrose,we,we,40,50,40
contrasts,repd-hydro,osm-pret,osm-distilleries,ns,ns,87,50,87
contrasts,repd-hydro,osm-pret,osm-distilleries,we,we,91,50,91
contrasts,repd-hydro,osm-pret,repd-wind-onshore,ns,ns,140,50,140
contrasts,repd-hydro,osm-pret,repd-wind-onshore,we,we,60,50,60
contrasts,repd-hydro,osm-pret,osm-lighthouses,ns,ns,182,50,182
contrasts,repd-hydro,osm-pret,osm-lighthouses,we,we,93,50,93
contrasts,repd-hydro,osm-pret,census-heat-solid,ns,ns,193,50,193
contrasts,repd-hydro,osm-pret,census-heat-solid,we,we,130,50,130
contrasts,repd-hydro,osm-pret,osm-windmills,ns,ns,91,50,91
contrasts,repd-hydro,osm-pret,osm-windmills,we,we,24,50,24
contrasts,repd-hydro,osm-pret,census-heat-oil,ns,ns,167,50,167
contrasts,repd-hydro,osm-pret,census-heat-oil,we,we,118,50,118
contrasts,repd-hydro,osm-pret,osm-greggs,ns,ns,127,50,127
contrasts,repd-hydro,osm-pret,osm-greggs,we,we,100,50,100
contrasts,repd-hydro,osm-waitrose,osm-distilleries,ns,ns,87,50,87
contrasts,repd-hydro,osm-waitrose,osm-distilleries,we,we,91,50,91
contrasts,repd-hydro,osm-waitrose,census-commute-metro,we,we,42,50,42
contrasts,repd-hydro,osm-waitrose,repd-wind-onshore,ns,ns,140,50,140
contrasts,repd-hydro,osm-waitrose,repd-wind-onshore,we,we,60,50,60
contrasts,repd-hydro,osm-waitrose,hmrc-additional-rate,we,we,23,50,23
contrasts,repd-hydro,osm-waitrose,osm-lighthouses,ns,ns,182,50,182
contrasts,repd-hydro,osm-waitrose,osm-lighthouses,we,we,93,50,93
contrasts,repd-hydro,osm-waitrose,census-heat-solid,ns,ns,190,50,190
contrasts,repd-hydro,osm-waitrose,census-heat-solid,we,we,92,50,92
contrasts,repd-hydro,osm-waitrose,osm-windmills,ns,ns,89,50,89
contrasts,repd-hydro,osm-waitrose,census-heat-oil,ns,ns,165,50,165
contrasts,repd-hydro,osm-waitrose,census-heat-oil,we,we,118,50,118
contrasts,repd-hydro,osm-waitrose,osm-greggs,ns,ns,124,50,124
contrasts,repd-hydro,osm-waitrose,osm-greggs,we,we,61,50,61
contrasts,repd-hydro,osm-distilleries,census-commute-metro,ns,ns,87,50,87
contrasts,repd-hydro,osm-distilleries,census-commute-metro,we,we,91,50,91
contrasts,repd-hydro,osm-distilleries,repd-wind-onshore,ns,ns,53,50,53
contrasts,repd-hydro,osm-distilleries,repd-wind-onshore,we,we,31,50,31
contrasts,repd-hydro,osm-distilleries,hmrc-additional-rate,ns,ns,87,50,87
contrasts,repd-hydro,osm-distilleries,hmrc-additional-rate,we,we,91,50,91
contrasts,repd-hydro,osm-distilleries,osm-lighthouses,ns,ns,87,50,87
contrasts,repd-hydro,osm-distilleries,census-heat-solid,ns,ns,87,50,87
contrasts,repd-hydro,osm-distilleries,census-heat-solid,we,we,71,50,71
contrasts,repd-hydro,osm-distilleries,osm-windmills,ns,ns,87,50,87
contrasts,repd-hydro,osm-distilleries,osm-windmills,we,we,91,50,91
contrasts,repd-hydro,osm-distilleries,census-heat-oil,ns,ns,87,50,87
contrasts,repd-hydro,osm-distilleries,census-heat-oil,we,we,29,50,29
contrasts,repd-hydro,osm-distilleries,osm-greggs,ns,ns,87,50,87
contrasts,repd-hydro,osm-distilleries,osm-greggs,we,we,91,50,91
contrasts,repd-hydro,census-commute-metro,repd-wind-onshore,ns,ns,140,50,140
contrasts,repd-hydro,census-commute-metro,repd-wind-onshore,we,we,60,50,60
contrasts,repd-hydro,census-commute-metro,hmrc-additional-rate,we,we,19,50,19
contrasts,repd-hydro,census-commute-metro,osm-lighthouses,ns,ns,182,50,182
contrasts,repd-hydro,census-commute-metro,osm-lighthouses,we,we,93,50,93
contrasts,repd-hydro,census-commute-metro,census-heat-solid,ns,ns,190,50,190
contrasts,repd-hydro,census-commute-metro,census-heat-solid,we,we,132,50,132
contrasts,repd-hydro,census-commute-metro,osm-windmills,ns,ns,88,50,88
contrasts,repd-hydro,census-commute-metro,osm-windmills,we,we,26,50,26
contrasts,repd-hydro,census-commute-metro,census-heat-oil,ns,ns,164,50,164
contrasts,repd-hydro,census-commute-metro,census-heat-oil,we,we,118,50,118
contrasts,repd-hydro,census-commute-metro,osm-greggs,ns,ns,123,50,123
contrasts,repd-hydro,census-commute-metro,osm-greggs,we,we,102,50,102
contrasts,repd-hydro,repd-wind-onshore,hmrc-additional-rate,ns,ns,140,50,140
contrasts,repd-hydro,repd-wind-onshore,hmrc-additional-rate,we,we,60,50,60
contrasts,repd-hydro,repd-wind-onshore,osm-lighthouses,ns,ns,43,50,43
contrasts,repd-hydro,repd-wind-onshore,osm-lighthouses,we,we,34,50,34
contrasts,repd-hydro,repd-wind-onshore,census-heat-solid,ns,ns,140,50,140
contrasts,repd-hydro,repd-wind-onshore,census-heat-solid,we,we,60,50,60
contrasts,repd-hydro,repd-wind-onshore,osm-windmills,ns,ns,140,50,140
contrasts,repd-hydro,repd-wind-onshore,osm-windmills,we,we,60,50,60
contrasts,repd-hydro,repd-wind-onshore,census-heat-oil,ns,ns,140,50,140
contrasts,repd-hydro,repd-wind-onshore,census-heat-oil,we,we,60,50,60
contrasts,repd-hydro,repd-wind-onshore,osm-greggs,ns,ns,140,50,140
contrasts,repd-hydro,repd-wind-onshore,osm-greggs,we,we,60,50,60
contrasts,repd-hydro,hmrc-additional-rate,osm-lighthouses,ns,ns,182,50,182
contrasts,repd-hydro,hmrc-additional-rate,osm-lighthouses,we,we,93,50,93
contrasts,repd-hydro,hmrc-additional-rate,census-heat-solid,ns,ns,189,50,189
contrasts,repd-hydro,hmrc-additional-rate,census-heat-solid,we,we,114,50,114
contrasts,repd-hydro,hmrc-additional-rate,osm-windmills,ns,ns,88,50,88
contrasts,repd-hydro,hmrc-additional-rate,census-heat-oil,ns,ns,164,50,164
contrasts,repd-hydro,hmrc-additional-rate,census-heat-oil,we,we,118,50,118
contrasts,repd-hydro,hmrc-additional-rate,osm-greggs,ns,ns,123,50,123
contrasts,repd-hydro,hmrc-additional-rate,osm-greggs,we,we,83,50,83
contrasts,repd-hydro,osm-lighthouses,census-heat-solid,ns,ns,182,50,182
contrasts,repd-hydro,osm-lighthouses,census-heat-solid,we,we,70,50,70
contrasts,repd-hydro,osm-lighthouses,osm-windmills,ns,ns,182,50,182
contrasts,repd-hydro,osm-lighthouses,osm-windmills,we,we,93,50,93
contrasts,repd-hydro,osm-lighthouses,census-heat-oil,ns,ns,182,50,182
contrasts,repd-hydro,osm-lighthouses,census-heat-oil,we,we,27,50,27
contrasts,repd-hydro,osm-lighthouses,osm-greggs,ns,ns,182,50,182
contrasts,repd-hydro,osm-lighthouses,osm-greggs,we,we,93,50,93
contrasts,repd-hydro,census-heat-solid,osm-windmills,ns,ns,101,50,101
contrasts,repd-hydro,census-heat-solid,osm-windmills,we,we,107,50,107
contrasts,repd-hydro,census-heat-solid,census-heat-oil,ns,ns,26,50,26
contrasts,repd-hydro,census-heat-solid,census-heat-oil,we,we,45,50,45
contrasts,repd-hydro,census-heat-solid,osm-greggs,ns,ns,66,50,66
contrasts,repd-hydro,census-heat-solid,osm-greggs,we,we,31,50,31
contrasts,repd-hydro,osm-windmills,census-heat-oil,ns,ns,76,50,76
contrasts,repd-hydro,osm-windmills,census-heat-oil,we,we,118,50,118
contrasts,repd-hydro,osm-windmills,osm-greggs,ns,ns,35,50,35
contrasts,repd-hydro,osm-windmills,osm-greggs,we,we,76,50,76
contrasts,repd-hydro,census-heat-oil,osm-greggs,ns,ns,41,50,41
contrasts,repd-hydro,census-heat-oil,osm-greggs,we,we,77,50,77
contrasts,osm-pret,osm-waitrose,osm-distilleries,we,we,40,50,40
contrasts,osm-pret,osm-waitrose,repd-wind-onshore,we,we,40,50,40
contrasts,osm-pret,osm-waitrose,osm-lighthouses,we,we,40,50,40
contrasts,osm-pret,osm-waitrose,census-heat-solid,we,we,40,50,40
contrasts,osm-pret,osm-waitrose,census-heat-oil,we,we,40,50,40
contrasts,osm-pret,osm-waitrose,osm-greggs,we,we,40,50,40
contrasts,osm-pret,osm-distilleries,repd-wind-onshore,ns,ns,53,50,53
contrasts,osm-pret,osm-distilleries,repd-wind-onshore,we,we,31,50,31
contrasts,osm-pret,osm-distilleries,osm-lighthouses,ns,ns,95,50,95
contrasts,osm-pret,osm-distilleries,census-heat-solid,ns,ns,193,50,193
contrasts,osm-pret,osm-distilleries,census-heat-solid,we,we,71,50,71
contrasts,osm-pret,osm-distilleries,osm-windmills,ns,ns,91,50,91
contrasts,osm-pret,osm-distilleries,osm-windmills,we,we,24,50,24
contrasts,osm-pret,osm-distilleries,census-heat-oil,ns,ns,167,50,167
contrasts,osm-pret,osm-distilleries,census-heat-oil,we,we,29,50,29
contrasts,osm-pret,osm-distilleries,osm-greggs,ns,ns,127,50,127
contrasts,osm-pret,osm-distilleries,osm-greggs,we,we,100,50,100
contrasts,osm-pret,repd-wind-onshore,osm-lighthouses,ns,ns,43,50,43
contrasts,osm-pret,repd-wind-onshore,osm-lighthouses,we,we,34,50,34
contrasts,osm-pret,repd-wind-onshore,census-heat-solid,ns,ns,193,50,193
contrasts,osm-pret,repd-wind-onshore,census-heat-solid,we,we,103,50,103
contrasts,osm-pret,repd-wind-onshore,osm-windmills,ns,ns,91,50,91
contrasts,osm-pret,repd-wind-onshore,osm-windmills,we,we,24,50,24
contrasts,osm-pret,repd-wind-onshore,census-heat-oil,ns,ns,167,50,167
contrasts,osm-pret,repd-wind-onshore,census-heat-oil,we,we,60,50,60
contrasts,osm-pret,repd-wind-onshore,osm-greggs,ns,ns,127,50,127
contrasts,osm-pret,repd-wind-onshore,osm-greggs,we,we,100,50,100
contrasts,osm-pret,osm-lighthouses,census-heat-solid,ns,ns,193,50,193
contrasts,osm-pret,osm-lighthouses,census-heat-solid,we,we,70,50,70
contrasts,osm-pret,osm-lighthouses,osm-windmills,ns,ns,91,50,91
contrasts,osm-pret,osm-lighthouses,osm-windmills,we,we,24,50,24
contrasts,osm-pret,osm-lighthouses,census-heat-oil,ns,ns,167,50,167
contrasts,osm-pret,osm-lighthouses,census-heat-oil,we,we,27,50,27
contrasts,osm-pret,osm-lighthouses,osm-greggs,ns,ns,127,50,127
contrasts,osm-pret,osm-lighthouses,osm-greggs,we,we,100,50,100
contrasts,osm-pret,census-heat-solid,osm-windmills,ns,ns,91,50,91
contrasts,osm-pret,census-heat-solid,osm-windmills,we,we,24,50,24
contrasts,osm-pret,census-heat-solid,census-heat-oil,ns,ns,26,50,26
contrasts,osm-pret,census-heat-solid,census-heat-oil,we,we,45,50,45
contrasts,osm-pret,census-heat-solid,osm-greggs,ns,ns,66,50,66
contrasts,osm-pret,census-heat-solid,osm-greggs,we,we,31,50,31
contrasts,osm-pret,osm-windmills,census-heat-oil,ns,ns,76,50,76
contrasts,osm-pret,osm-windmills,census-heat-oil,we,we,24,50,24
contrasts,osm-pret,osm-windmills,osm-greggs,ns,ns,35,50,35
contrasts,osm-pret,osm-windmills,osm-greggs,we,we,24,50,24
contrasts,osm-pret,census-heat-oil,osm-greggs,ns,ns,41,50,41
contrasts,osm-pret,census-heat-oil,osm-greggs,we,we,77,50,77
contrasts,osm-waitrose,osm-distilleries,census-commute-metro,we,we,42,50,42
contrasts,osm-waitrose,osm-distilleries,repd-wind-onshore,ns,ns,53,50,53
contrasts,osm-waitrose,osm-distilleries,repd-wind-onshore,we,we,31,50,31
contrasts,osm-waitrose,osm-distilleries,hmrc-additional-rate,we,we,23,50,23
contrasts,osm-waitrose,osm-distilleries,osm-lighthouses,ns,ns,95,50,95
contrasts,osm-waitrose,osm-distilleries,census-heat-solid,ns,ns,190,50,190
contrasts,osm-waitrose,osm-distilleries,census-heat-solid,we,we,71,50,71
contrasts,osm-waitrose,osm-distilleries,osm-windmills,ns,ns,89,50,89
contrasts,osm-waitrose,osm-distilleries,census-heat-oil,ns,ns,165,50,165
contrasts,osm-waitrose,osm-distilleries,census-heat-oil,we,we,29,50,29
contrasts,osm-waitrose,osm-distilleries,osm-greggs,ns,ns,124,50,124
contrasts,osm-waitrose,osm-distilleries,osm-greggs,we,we,61,50,61
contrasts,osm-waitrose,census-commute-metro,repd-wind-onshore,we,we,42,50,42
contrasts,osm-waitrose,census-commute-metro,hmrc-additional-rate,we,we,19,50,19
contrasts,osm-waitrose,census-commute-metro,osm-lighthouses,we,we,42,50,42
contrasts,osm-waitrose,census-commute-metro,census-heat-solid,we,we,42,50,42
contrasts,osm-waitrose,census-commute-metro,census-heat-oil,we,we,42,50,42
contrasts,osm-waitrose,census-commute-metro,osm-greggs,we,we,42,50,42
contrasts,osm-waitrose,repd-wind-onshore,hmrc-additional-rate,we,we,23,50,23
contrasts,osm-waitrose,repd-wind-onshore,osm-lighthouses,ns,ns,43,50,43
contrasts,osm-waitrose,repd-wind-onshore,osm-lighthouses,we,we,34,50,34
contrasts,osm-waitrose,repd-wind-onshore,census-heat-solid,ns,ns,190,50,190
contrasts,osm-waitrose,repd-wind-onshore,census-heat-solid,we,we,92,50,92
contrasts,osm-waitrose,repd-wind-onshore,osm-windmills,ns,ns,89,50,89
contrasts,osm-waitrose,repd-wind-onshore,census-heat-oil,ns,ns,165,50,165
contrasts,osm-waitrose,repd-wind-onshore,census-heat-oil,we,we,60,50,60
contrasts,osm-waitrose,repd-wind-onshore,osm-greggs,ns,ns,124,50,124
contrasts,osm-waitrose,repd-wind-onshore,osm-greggs,we,we,61,50,61
contrasts,osm-waitrose,hmrc-additional-rate,osm-lighthouses,we,we,23,50,23
contrasts,osm-waitrose,hmrc-additional-rate,census-heat-solid,we,we,23,50,23
contrasts,osm-waitrose,hmrc-additional-rate,census-heat-oil,we,we,23,50,23
contrasts,osm-waitrose,hmrc-additional-rate,osm-greggs,we,we,23,50,23
contrasts,osm-waitrose,osm-lighthouses,census-heat-solid,ns,ns,190,50,190
contrasts,osm-waitrose,osm-lighthouses,census-heat-solid,we,we,70,50,70
contrasts,osm-waitrose,osm-lighthouses,osm-windmills,ns,ns,89,50,89
contrasts,osm-waitrose,osm-lighthouses,census-heat-oil,ns,ns,165,50,165
contrasts,osm-waitrose,osm-lighthouses,census-heat-oil,we,we,27,50,27
contrasts,osm-waitrose,osm-lighthouses,osm-greggs,ns,ns,124,50,124
contrasts,osm-waitrose,osm-lighthouses,osm-greggs,we,we,61,50,61
contrasts,osm-waitrose,census-heat-solid,osm-windmills,ns,ns,89,50,89
contrasts,osm-waitrose,census-heat-solid,census-heat-oil,ns,ns,26,50,26
contrasts,osm-waitrose,census-heat-solid,census-heat-oil,we,we,45,50,45
contrasts,osm-waitrose,census-heat-solid,osm-greggs,ns,ns,66,50,66
contrasts,osm-waitrose,census-heat-solid,osm-greggs,we,we,31,50,31
contrasts,osm-waitrose,osm-windmills,census-heat-oil,ns,ns,76,50,76
contrasts,osm-waitrose,osm-windmills,osm-greggs,ns,ns,35,50,35
contrasts,osm-waitrose,census-heat-oil,osm-greggs,ns,ns,41,50,41
contrasts,osm-waitrose,census-heat-oil,osm-greggs,we,we,61,50,61
contrasts,osm-distilleries,census-commute-metro,repd-wind-onshore,ns,ns,53,50,53
contrasts,osm-distilleries,census-commute-metro,repd-wind-onshore,we,we,31,50,31
contrasts,osm-distilleries,census-commute-metro,hmrc-additional-rate,we,we,19,50,19
contrasts,osm-distilleries,census-commute-metro,osm-lighthouses,ns,ns,95,50,95
contrasts,osm-distilleries,census-commute-metro,census-heat-solid,ns,ns,190,50,190
contrasts,osm-distilleries,census-commute-metro,census-heat-solid,we,we,71,50,71
contrasts,osm-distilleries,census-commute-metro,osm-windmills,ns,ns,88,50,88
contrasts,osm-distilleries,census-commute-metro,osm-windmills,we,we,26,50,26
contrasts,osm-distilleries,census-commute-metro,census-heat-oil,ns,ns,164,50,164
contrasts,osm-distilleries,census-commute-metro,census-heat-oil,we,we,29,50,29
contrasts,osm-distilleries,census-commute-metro,osm-greggs,ns,ns,123,50,123
contrasts,osm-distilleries,census-commute-metro,osm-greggs,we,we,101,50,101
contrasts,osm-distilleries,repd-wind-onshore,hmrc-additional-rate,ns,ns,53,50,53
contrasts,osm-distilleries,repd-wind-onshore,hmrc-additional-rate,we,we,31,50,31
contrasts,osm-distilleries,repd-wind-onshore,osm-lighthouses,ns,ns,43,50,43
contrasts,osm-distilleries,repd-wind-onshore,census-heat-solid,ns,ns,53,50,53
contrasts,osm-distilleries,repd-wind-onshore,census-heat-solid,we,we,31,50,31
contrasts,osm-distilleries,repd-wind-onshore,osm-windmills,ns,ns,53,50,53
contrasts,osm-distilleries,repd-wind-onshore,osm-windmills,we,we,31,50,31
contrasts,osm-distilleries,repd-wind-onshore,census-heat-oil,ns,ns,53,50,53
contrasts,osm-distilleries,repd-wind-onshore,census-heat-oil,we,we,29,50,29
contrasts,osm-distilleries,repd-wind-onshore,osm-greggs,ns,ns,53,50,53
contrasts,osm-distilleries,repd-wind-onshore,osm-greggs,we,we,31,50,31
contrasts,osm-distilleries,hmrc-additional-rate,osm-lighthouses,ns,ns,95,50,95
contrasts,osm-distilleries,hmrc-additional-rate,census-heat-solid,ns,ns,189,50,189
contrasts,osm-distilleries,hmrc-additional-rate,census-heat-solid,we,we,71,50,71
contrasts,osm-distilleries,hmrc-additional-rate,osm-windmills,ns,ns,88,50,88
contrasts,osm-distilleries,hmrc-additional-rate,census-heat-oil,ns,ns,164,50,164
contrasts,osm-distilleries,hmrc-additional-rate,census-heat-oil,we,we,29,50,29
contrasts,osm-distilleries,hmrc-additional-rate,osm-greggs,ns,ns,123,50,123
contrasts,osm-distilleries,hmrc-additional-rate,osm-greggs,we,we,83,50,83
contrasts,osm-distilleries,osm-lighthouses,census-heat-solid,ns,ns,95,50,95
contrasts,osm-distilleries,osm-lighthouses,osm-windmills,ns,ns,95,50,95
contrasts,osm-distilleries,osm-lighthouses,census-heat-oil,ns,ns,95,50,95
contrasts,osm-distilleries,osm-lighthouses,osm-greggs,ns,ns,95,50,95
contrasts,osm-distilleries,census-heat-solid,osm-windmills,ns,ns,101,50,101
contrasts,osm-distilleries,census-heat-solid,osm-windmills,we,we,71,50,71
contrasts,osm-distilleries,census-heat-solid,census-heat-oil,ns,ns,26,50,26
contrasts,osm-distilleries,census-heat-solid,census-heat-oil,we,we,29,50,29
contrasts,osm-distilleries,census-heat-solid,osm-greggs,ns,ns,66,50,66
contrasts,osm-distilleries,census-heat-solid,osm-greggs,we,we,31,50,31
contrasts,osm-distilleries,osm-windmills,census-heat-oil,ns,ns,76,50,76
contrasts,osm-distilleries,osm-windmills,census-heat-oil,we,we,29,50,29
contrasts,osm-distilleries,osm-windmills,osm-greggs,ns,ns,35,50,35
contrasts,osm-distilleries,osm-windmills,osm-greggs,we,we,76,50,76
contrasts,osm-distilleries,census-heat-oil,osm-greggs,ns,ns,41,50,41
contrasts,osm-distilleries,census-heat-oil,osm-greggs,we,we,29,50,29
contrasts,census-commute-metro,repd-wind-onshore,hmrc-additional-rate,we,we,19,50,19
contrasts,census-commute-metro,repd-wind-onshore,osm-lighthouses,ns,ns,43,50,43
contrasts,census-commute-metro,repd-wind-onshore,osm-lighthouses,we,we,34,50,34
contrasts,census-commute-metro,repd-wind-onshore,census-heat-solid,ns,ns,190,50,190
contrasts,census-commute-metro,repd-wind-onshore,census-heat-solid,we,we,103,50,103
contrasts,census-commute-metro,repd-wind-onshore,osm-windmills,ns,ns,88,50,88
contrasts,census-commute-metro,repd-wind-onshore,osm-windmills,we,we,26,50,26
contrasts,census-commute-metro,repd-wind-onshore,census-heat-oil,ns,ns,164,50,164
contrasts,census-commute-metro,repd-wind-onshore,census-heat-oil,we,we,60,50,60
contrasts,census-commute-metro,repd-wind-onshore,osm-greggs,ns,ns,123,50,123
contrasts,census-commute-metro,repd-wind-onshore,osm-greggs,we,we,102,50,102
contrasts,census-commute-metro,hmrc-additional-rate,osm-lighthouses,we,we,19,50,19
contrasts,census-commute-metro,hmrc-additional-rate,census-heat-solid,we,we,19,50,19
contrasts,census-commute-metro,hmrc-additional-rate,census-heat-oil,we,we,19,50,19
contrasts,census-commute-metro,hmrc-additional-rate,osm-greggs,we,we,19,50,19
contrasts,census-commute-metro,osm-lighthouses,census-heat-solid,ns,ns,190,50,190
contrasts,census-commute-metro,osm-lighthouses,census-heat-solid,we,we,70,50,70
contrasts,census-commute-metro,osm-lighthouses,osm-windmills,ns,ns,88,50,88
contrasts,census-commute-metro,osm-lighthouses,osm-windmills,we,we,26,50,26
contrasts,census-commute-metro,osm-lighthouses,census-heat-oil,ns,ns,164,50,164
contrasts,census-commute-metro,osm-lighthouses,census-heat-oil,we,we,27,50,27
contrasts,census-commute-metro,osm-lighthouses,osm-greggs,ns,ns,123,50,123
contrasts,census-commute-metro,osm-lighthouses,osm-greggs,we,we,100,50,100
contrasts,census-commute-metro,census-heat-solid,osm-windmills,ns,ns,88,50,88
contrasts,census-commute-metro,census-heat-solid,osm-windmills,we,we,26,50,26
contrasts,census-commute-metro,census-heat-solid,census-heat-oil,ns,ns,26,50,26
contrasts,census-commute-metro,census-heat-solid,census-heat-oil,we,we,45,50,45
contrasts,census-commute-metro,census-heat-solid,osm-greggs,ns,ns,66,50,66
contrasts,census-commute-metro,census-heat-solid,osm-greggs,we,we,31,50,31
contrasts,census-commute-metro,osm-windmills,census-heat-oil,ns,ns,76,50,76
contrasts,census-commute-metro,osm-windmills,census-heat-oil,we,we,26,50,26
contrasts,census-commute-metro,osm-windmills,osm-greggs,ns,ns,35,50,35
contrasts,census-commute-metro,osm-windmills,osm-greggs,we,we,26,50,26
contrasts,census-commute-metro,census-heat-oil,osm-greggs,ns,ns,41,50,41
contrasts,census-commute-metro,census-heat-oil,osm-greggs,we,we,77,50,77
contrasts,repd-wind-onshore,hmrc-additional-rate,osm-lighthouses,ns,ns,43,50,43
contrasts,repd-wind-onshore,hmrc-additional-rate,osm-lighthouses,we,we,34,50,34
contrasts,repd-wind-onshore,hmrc-additional-rate,census-heat-solid,ns,ns,189,50,189
contrasts,repd-wind-onshore,hmrc-additional-rate,census-heat-solid,we,we,103,50,103
contrasts,repd-wind-onshore,hmrc-additional-rate,osm-windmills,ns,ns,88,50,88
contrasts,repd-wind-onshore,hmrc-additional-rate,census-heat-oil,ns,ns,164,50,164
contrasts,repd-wind-onshore,hmrc-additional-rate,census-heat-oil,we,we,60,50,60
contrasts,repd-wind-onshore,hmrc-additional-rate,osm-greggs,ns,ns,123,50,123
contrasts,repd-wind-onshore,hmrc-additional-rate,osm-greggs,we,we,83,50,83
contrasts,repd-wind-onshore,osm-lighthouses,census-heat-solid,ns,ns,43,50,43
contrasts,repd-wind-onshore,osm-lighthouses,census-heat-solid,we,we,34,50,34
contrasts,repd-wind-onshore,osm-lighthouses,osm-windmills,ns,ns,43,50,43
contrasts,repd-wind-onshore,osm-lighthouses,osm-windmills,we,we,34,50,34
contrasts,repd-wind-onshore,osm-lighthouses,census-heat-oil,ns,ns,43,50,43
contrasts,repd-wind-onshore,osm-lighthouses,census-heat-oil,we,we,27,50,27
contrasts,repd-wind-onshore,osm-lighthouses,osm-greggs,ns,ns,43,50,43
contrasts,repd-wind-onshore,osm-lighthouses,osm-greggs,we,we,34,50,34
contrasts,repd-wind-onshore,census-heat-solid,osm-windmills,ns,ns,101,50,101
contrasts,repd-wind-onshore,census-heat-solid,osm-windmills,we,we,103,50,103
contrasts,repd-wind-onshore,census-heat-solid,census-heat-oil,ns,ns,26,50,26
contrasts,repd-wind-onshore,census-heat-solid,census-heat-oil,we,we,45,50,45
contrasts,repd-wind-onshore,census-heat-solid,osm-greggs,ns,ns,66,50,66
contrasts,repd-wind-onshore,census-heat-solid,osm-greggs,we,we,31,50,31
contrasts,repd-wind-onshore,osm-windmills,census-heat-oil,ns,ns,76,50,76
contrasts,repd-wind-onshore,osm-windmills,census-heat-oil,we,we,60,50,60
contrasts,repd-wind-onshore,osm-windmills,osm-greggs,ns,ns,35,50,35
contrasts,repd-wind-onshore,osm-windmills,osm-greggs,we,we,76,50,76
contrasts,repd-wind-onshore,census-heat-oil,osm-greggs,ns,ns,41,50,41
contrasts,repd-wind-onshore,census-heat-oil,osm-greggs,we,we,60,50,60
contrasts,hmrc-additional-rate,osm-lighthouses,census-heat-solid,ns,ns,189,50,189
contrasts,hmrc-additional-rate,osm-lighthouses,census-heat-solid,we,we,70,50,70
contrasts,hmrc-additional-rate,osm-lighthouses,osm-windmills,ns,ns,88,50,88
contrasts,hmrc-additional-rate,osm-lighthouses,census-heat-oil,ns,ns,164,50,164
contrasts,hmrc-additional-rate,osm-lighthouses,census-heat-oil,we,we,27,50,27
contrasts,hmrc-additional-rate,osm-lighthouses,osm-greggs,ns,ns,123,50,123
contrasts,hmrc-additional-rate,osm-lighthouses,osm-greggs,we,we,83,50,83
contrasts,hmrc-additional-rate,census-heat-solid,osm-windmills,ns,ns,88,50,88
contrasts,hmrc-additional-rate,census-heat-solid,census-heat-oil,ns,ns,26,50,26
contrasts,hmrc-additional-rate,census-heat-solid,census-heat-oil,we,we,45,50,45
contrasts,hmrc-additional-rate,census-heat-solid,osm-greggs,ns,ns,66,50,66
contrasts,hmrc-additional-rate,census-heat-solid,osm-greggs,we,we,31,50,31
contrasts,hmrc-additional-rate,osm-windmills,census-heat-oil,ns,ns,76,50,76
contrasts,hmrc-additional-rate,osm-windmills,osm-greggs,ns,ns,35,50,35
contrasts,hmrc-additional-rate,census-heat-oil,osm-greggs,ns,ns,41,50,41
contrasts,hmrc-additional-rate,census-heat-oil,osm-greggs,we,we,77,50,77
contrasts,osm-lighthouses,census-heat-solid,osm-windmills,ns,ns,101,50,101
contrasts,osm-lighthouses,census-heat-solid,osm-windmills,we,we,70,50,70
contrasts,osm-lighthouses,census-heat-solid,census-heat-oil,ns,ns,26,50,26
contrasts,osm-lighthouses,census-heat-solid,census-heat-oil,we,we,27,50,27
contrasts,osm-lighthouses,census-heat-solid,osm-greggs,ns,ns,66,50,66
contrasts,osm-lighthouses,census-heat-solid,osm-greggs,we,we,31,50,31
contrasts,osm-lighthouses,osm-windmills,census-heat-oil,ns,ns,76,50,76
contrasts,osm-lighthouses,osm-windmills,census-heat-oil,we,we,27,50,27
contrasts,osm-lighthouses,osm-windmills,osm-greggs,ns,ns,35,50,35
contrasts,osm-lighthouses,osm-windmills,osm-greggs,we,we,76,50,76
contrasts,osm-lighthouses,census-heat-oil,osm-greggs,ns,ns,41,50,41
contrasts,osm-lighthouses,census-heat-oil,osm-greggs,we,we,27,50,27
contrasts,census-heat-solid,osm-windmills,census-heat-oil,ns,ns,26,50,26
contrasts,census-heat-solid,osm-windmills,census-heat-oil,we,we,45,50,45
contrasts,census-heat-solid,osm-windmills,osm-greggs,ns,ns,35,50,35
contrasts,census-heat-solid,osm-windmills,osm-greggs,we,we,31,50,31
contrasts,census-heat-solid,census-heat-oil,osm-greggs,ns,ns,26,50,26
contrasts,census-heat-solid,census-heat-oil,osm-greggs,we,we,31,50,31
contrasts,osm-windmills,census-heat-oil,osm-greggs,ns,ns,35,50,35
contrasts,osm-windmills,census-heat-oil,osm-greggs,we,we,76,50,76
