lon,lat,value,name
-1.3066,54.5569,1000,Stockton-on-Tees
-1.5684,54.5353,1000,Darlington
-2.6885,53.3342,1000,Halton
-2.5617,53.3916,3000,Warrington
-2.4636,53.7008,1000,Blackburn with Darwen
-0.662,53.8811,3000,East Riding of Yorkshire
-0.5241,53.5864,1000,North Lincolnshire
-1.0738,53.9658,2000,York
-1.4719,52.9146,1000,Derby
-1.1304,52.6359,1000,Leicester
-0.6263,52.6677,1000,Rutland
-1.1667,52.9542,1000,Nottingham
-2.7393,52.0816,2000,"Herefordshire, County of"
-2.4894,52.7142,1000,Telford and Wrekin
-2.4866,51.356,4000,Bath and North East Somerset
-2.5774,51.4711,5000,"Bristol, City of"
-2.7544,51.3971,3000,North Somerset
-2.4693,51.5467,2000,South Gloucestershire
-4.113,50.4049,1000,Plymouth
-1.7337,51.5776,2000,Swindon
-0.2687,52.5921,1000,Peterborough
-0.4232,51.891,1000,Luton
0.7069,51.5492,3000,Southend-on-Sea
0.3349,51.51,1000,Thurrock
0.5632,51.4477,2000,Medway
-0.7336,51.4113,3000,Bracknell Forest
-1.2737,51.4456,4000,West Berkshire
-0.9908,51.453,3000,Reading
-0.5762,51.5035,1000,Slough
-0.6754,51.4803,8000,Windsor and Maidenhead
-0.8994,51.423,6000,Wokingham
-0.7407,52.0724,4000,Milton Keynes
-0.1508,50.8465,5000,Brighton and Hove
-1.0701,50.808,1000,Portsmouth
-1.3995,50.9212,1000,Southampton
-1.3337,50.6713,1000,Isle of Wight
-1.8405,54.6851,2000,County Durham
-2.293,53.1679,8000,Cheshire East
-2.703,53.1634,4000,Cheshire West and Chester
-2.7367,52.6221,3000,Shropshire
-4.6425,50.4502,3000,Cornwall
-1.9266,51.3288,7000,Wiltshire
-0.4546,52.1963,2000,Bedford
-0.4775,51.999,4000,Central Bedfordshire
-2.0752,55.3004,2000,Northumberland
-1.8481,50.7461,3000,"Bournemouth, Christchurch and Poole"
-2.4146,50.797,4000,Dorset
-0.8057,51.7697,19000,Buckinghamshire
-0.625,52.4255,3000,North Northamptonshire
-1.0168,52.269,5000,West Northamptonshire
-3.3082,54.6858,1000,Cumberland
-2.7134,54.4917,1000,Westmorland and Furness
-1.5503,54.0937,8000,North Yorkshire
-3.296,51.0718,4000,Somerset
0.1264,52.2002,5000,Cambridge
0.2831,52.3579,2000,East Cambridgeshire
-0.2247,52.3531,2000,Huntingdonshire
0.091,52.1081,6000,South Cambridgeshire
-1.4622,53.0288,1000,Amber Valley
-1.7071,53.1233,1000,Derbyshire Dales
-1.844,53.3856,1000,High Peak
-1.4425,53.1624,1000,North East Derbyshire
-1.5348,52.8249,1000,South Derbyshire
-3.2236,50.7576,1000,East Devon
-3.5137,50.7178,1000,Exeter
-3.5921,50.8688,1000,Mid Devon
-3.9269,51.0762,1000,North Devon
-3.82,50.372,1000,South Hams
-3.6529,50.6098,1000,Teignbridge
0.0077,50.8334,2000,Lewes
0.5429,50.9487,1000,Rother
0.2052,50.9332,3000,Wealden
0.4751,51.5904,2000,Basildon
0.5759,51.9164,2000,Braintree
0.2901,51.6411,3000,Brentwood
0.5881,51.5616,1000,Castle Point
0.4912,51.735,4000,Chelmsford
0.8598,51.877,3000,Colchester
0.1541,51.7128,4000,Epping Forest
0.7731,51.7746,1000,Maldon
0.6834,51.5909,2000,Rochford
1.109,51.8567,1000,Tendring
0.2945,51.9359,3000,Uttlesford
-2.0752,51.8986,2000,Cheltenham
-1.9706,51.7726,3000,Cotswold
-2.4776,51.8125,1000,Forest of Dean
-2.3082,51.72,2000,Stroud
-2.2,51.9349,1000,Tewkesbury
-1.2202,51.2594,4000,Basingstoke and Deane
-0.9397,51.0577,3000,East Hampshire
-1.3295,50.9488,1000,Eastleigh
-1.2374,50.8539,1000,Fareham
-0.8832,51.282,4000,Hart
-1.004,50.8723,1000,Havant
-1.5929,50.8575,2000,New Forest
-0.7681,51.2782,1000,Rushmoor
-1.5021,51.1342,3000,Test Valley
-1.2439,51.03,5000,Winchester
-0.0507,51.7208,1000,Broxbourne
-0.551,51.7685,5000,Dacorum
-0.269,51.6802,3000,Hertsmere
-0.2232,51.9573,4000,North Hertfordshire
-0.4501,51.6563,4000,Three Rivers
-0.4043,51.6717,1000,Watford
0.8234,51.131,2000,Ashford
1.0963,51.281,2000,Canterbury
0.2453,51.4337,1000,Dartford
1.2769,51.2118,1000,Dover
0.3987,51.3965,1000,Gravesham
0.5841,51.2357,2000,Maidstone
0.1889,51.2756,5000,Sevenoaks
1.0008,51.0722,1000,Folkestone and Hythe
0.7769,51.3225,1000,Swale
1.3282,51.3525,1000,Thanet
0.3493,51.2606,3000,Tonbridge and Malling
0.4716,51.1025,4000,Tunbridge Wells
-2.6192,53.6724,1000,Chorley
-2.9191,53.7971,1000,Fylde
-2.6603,54.079,1000,Lancaster
-2.718,53.822,1000,Preston
-2.4174,53.9245,1000,Ribble Valley
-2.2615,53.6848,1000,Rossendale
-2.7287,53.7268,1000,South Ribble
-2.869,53.6128,1000,West Lancashire
-2.8036,53.8999,1000,Wyre
-1.1369,52.7399,2000,Charnwood
-0.9023,52.5376,2000,Harborough
-1.4176,52.6088,1000,Hinckley and Bosworth
-0.8544,52.8033,1000,Melton
-1.4222,52.7425,1000,North West Leicestershire
-1.093,52.5888,1000,Oadby and Wigston
-0.4766,53.0806,1000,North Kesteven
-0.0306,52.7876,1000,South Holland
-0.4957,52.8489,2000,South Kesteven
-0.5077,53.4004,1000,West Lindsey
0.8187,52.5942,1000,Breckland
1.2523,52.6962,1000,Broadland
0.5332,52.7129,1000,King's Lynn and West Norfolk
1.1316,52.8339,1000,North Norfolk
1.285,52.6401,1000,Norwich
1.3732,52.5122,2000,South Norfolk
-0.9787,53.356,1000,Bassetlaw
-1.2594,52.9721,1000,Broxtowe
-1.1191,53.0243,1000,Gedling
-0.9464,53.1096,1000,Newark and Sherwood
-1.0109,52.9124,3000,Rushcliffe
-1.2851,51.8872,2000,Cherwell
-1.2441,51.7536,3000,Oxford
-1.0785,51.6229,5000,South Oxfordshire
-1.4854,51.6544,3000,Vale of White Horse
-1.5029,51.8399,2000,West Oxfordshire
-1.8144,52.8365,1000,East Staffordshire
-1.7606,52.6962,2000,Lichfield
-2.3263,53.0035,1000,Newcastle-under-Lyme
-2.155,52.6969,1000,South Staffordshire
-2.1648,52.8479,1000,Stafford
0.9161,52.0645,1000,Babergh
1.1662,52.0559,1000,Ipswich
1.097,52.2186,1000,Mid Suffolk
-0.3944,51.361,11000,Elmbridge
-0.2617,51.3395,3000,Epsom and Ewell
-0.5626,51.2537,7000,Guildford
-0.306,51.2275,4000,Mole Valley
-0.1987,51.2585,6000,Reigate and Banstead
-0.5385,51.3927,3000,Runnymede
-0.4625,51.4155,2000,Spelthorne
-0.6898,51.3361,3000,Surrey Heath
-0.0481,51.2358,4000,Tandridge
-0.6234,51.1569,7000,Waverley
-0.5798,51.3084,4000,Woking
-1.3183,52.3823,1000,Rugby
-1.6357,52.1616,3000,Stratford-on-Avon
-1.5837,52.3014,3000,Warwick
-0.65,50.8432,2000,Arun
-0.7163,50.9418,3000,Chichester
-0.1953,51.1236,1000,Crawley
-0.3813,51.0027,3000,Horsham
-0.1028,51.0595,4000,Mid Sussex
-0.4013,50.8331,1000,Worthing
-2.0038,52.3617,2000,Bromsgrove
-2.3309,52.1676,1000,Malvern Hills
-2.0161,52.1289,2000,Wychavon
-2.2349,52.3853,1000,Wyre Forest
-0.3407,51.7736,10000,St Albans
-0.1852,51.7609,3000,Welwyn Hatfield
0.0027,51.8649,5000,East Hertfordshire
1.4562,52.2442,3000,East Suffolk
0.6527,52.3084,2000,West Suffolk
-2.4795,53.5845,1000,Bolton
-2.3088,53.5931,1000,Bury
-2.2336,53.4701,3000,Manchester
-2.0527,53.5577,1000,Oldham
-2.1478,53.6074,1000,Rochdale
-2.3849,53.4793,1000,Salford
-2.1247,53.3911,4000,Stockport
-2.077,53.4787,1000,Tameside
-2.3657,53.4167,5000,Trafford
-2.5724,53.5145,1000,Wigan
-2.9137,53.4083,2000,Liverpool
-2.7031,53.4586,1000,St. Helens
-2.9918,53.4821,2000,Sefton
-3.067,53.3748,2000,Wirral
-1.1089,53.527,1000,Doncaster
-1.2865,53.3955,1000,Rotherham
-1.653,55.021,2000,Newcastle upon Tyne
-1.509,55.029,1000,North Tyneside
-1.4337,54.8571,1000,Sunderland
-1.8814,52.484,5000,Birmingham
-1.5191,52.4142,1000,Coventry
-2.1017,52.4951,1000,Dudley
-2.0077,52.5148,1000,Sandwell
-1.7156,52.431,4000,Solihull
-1.9704,52.6051,1000,Walsall
-2.1275,52.5979,1000,Wolverhampton
-1.8739,53.8438,2000,Bradford
-1.9618,53.7205,1000,Calderdale
-1.7809,53.6423,2000,Kirklees
-1.5074,53.8227,6000,Leeds
-1.4209,53.6592,1000,Wakefield
-1.687,54.9312,1000,Gateshead
-1.5493,53.5258,1000,Barnsley
-1.5425,53.4036,3000,Sheffield
-0.0935,51.5156,3000,City of London
0.1295,51.5456,1000,Barking and Dagenham
-0.2182,51.6111,14000,Barnet
0.1462,51.4582,4000,Bexley
-0.2757,51.5644,6000,Brent
0.0392,51.3727,12000,Bromley
-0.1629,51.5431,17000,Camden
-0.0776,51.366,6000,Croydon
-0.3141,51.5244,10000,Ealing
-0.0814,51.6489,5000,Enfield
0.0501,51.4639,8000,Greenwich
-0.0605,51.5549,9000,Hackney
-0.2174,51.4873,13000,Hammersmith and Fulham
-0.1067,51.5877,7000,Haringey
-0.336,51.5947,6000,Harrow
0.2354,51.5652,4000,Havering
-0.4418,51.5366,5000,Hillingdon
-0.3786,51.4624,5000,Hounslow
-0.1099,51.5455,13000,Islington
-0.1898,51.4964,16000,Kensington and Chelsea
-0.2837,51.393,6000,Kingston upon Thames
-0.1139,51.4645,13000,Lambeth
-0.0173,51.4423,7000,Lewisham
-0.1887,51.4106,9000,Merton
0.0273,51.5315,4000,Newham
0.0701,51.5859,5000,Redbridge
-0.2891,51.4404,16000,Richmond upon Thames
-0.0731,51.4659,13000,Southwark
-0.1723,51.3576,4000,Sutton
-0.0365,51.5155,12000,Tower Hamlets
-0.0188,51.5946,4000,Waltham Forest
-0.2002,51.4524,23000,Wandsworth
-0.153,51.5122,19000,Westminster
-6.1776,54.6939,1000,Antrim and Newtownabbey
-6.4346,54.3867,1000,"Armagh City, Banbridge and Craigavon"
-5.9254,54.5985,2000,Belfast
-7.4206,54.809,1000,Derry City and Strabane
-6.0355,54.4975,1000,Lisburn and Castlereagh
-6.0889,54.1495,1000,"Newry, Mourne and Down"
-5.6457,54.5641,1000,Ards and North Down
-4.0286,55.0962,1000,Dumfries and Galloway
-2.7244,55.9421,1000,East Lothian
-4.3606,55.7487,2000,East Renfrewshire
-3.8362,56.0008,1000,Falkirk
-4.661,57.5866,1000,Highland
-3.1174,55.8211,1000,Midlothian
-3.202,57.4768,1000,Moray
-2.8587,55.526,1000,Scottish Borders
-4.729,55.2301,1000,South Ayrshire
-3.8327,55.6045,2000,South Lanarkshire
-4.326,56.2495,1000,Stirling
-2.204,57.167,4000,Aberdeen City
-2.7921,57.2347,4000,Aberdeenshire
-3.2783,55.9112,8000,City of Edinburgh
-4.5683,55.8486,1000,Renfrewshire
-3.6091,55.8992,1000,West Lothian
-2.8921,56.7252,1000,Angus
-2.971,56.4776,1000,Dundee City
-4.2242,55.9583,2000,East Dunbartonshire
-2.9825,56.2311,2000,Fife
-3.8848,56.5753,2000,Perth and Kinross
-4.2148,55.8765,3000,Glasgow City
-3.9514,55.8681,1000,North Lanarkshire
-3.7465,53.1474,1000,Conwy
-3.1825,53.2147,1000,Flintshire
-2.992,53.0017,1000,Wrexham
-4.2111,51.895,1000,Carmarthenshire
-3.9672,51.6581,1000,Swansea
-3.6138,51.5606,1000,Bridgend
-3.398,51.4484,2000,Vale of Glamorgan
-3.2221,51.5025,3000,Cardiff
-3.4136,51.6219,1000,Rhondda Cynon Taf
-2.9028,51.7783,1000,Monmouthshire
-2.8977,51.5823,1000,Newport
