date,round,dataset,field,axis,target
"2026-08-30","1","LA.csv","Population2024","ns","25"
"2026-08-30","2","LSOA.csv","Population","ns","25"
"2026-08-30","3","HMRC.csv","Total tax: Amount","ns","25"
"2026-08-31","1","LSOA.csv","Population","15","50"
"2026-08-31","2","HMRC.csv","Self-employment income: Number of individuals","15","50"
"2026-08-31","3","HMRC.csv","Pension income: Number of individuals","15","50"
"2026-09-01","1","LA.csv","Population2024","30","45"
"2026-09-01","2","LSOA.csv","Population","30","45"
"2026-09-01","3","HMRC.csv","Total tax: Amount","30","45"
"2026-09-02","1","HMRC.csv","Self-employment income: Number of individuals","75","55"
"2026-09-02","2","HMRC.csv","Pension income: Number of individuals","75","55"
"2026-09-02","3","HMRC.csv","Total tax: Amount","75","55"
"2026-09-03","1","LSOA.csv","Population","we","55"
"2026-09-03","2","HMRC.csv","Pension income: Number of individuals","we","55"
"2026-09-03","3","HMRC.csv","Total tax: Amount","we","55"
"2026-09-04","1","LSOA.csv","Population","105","65"
"2026-09-04","2","HMRC.csv","Pension income: Number of individuals","105","65"
"2026-09-04","3","HMRC.csv","Total tax: Amount","105","65"
"2026-09-05","1","HMRC.csv","Self-employment income: Number of individuals","120","35"
"2026-09-05","2","HMRC.csv","Pension income: Number of individuals","120","35"
"2026-09-05","3","HMRC.csv","Total tax: Amount","120","35"
"2026-09-06","1","LA.csv","Population2024","135","60"
"2026-09-06","2","HMRC.csv","Self-employment income: Number of individuals","135","60"
"2026-09-06","3","HMRC.csv","Total tax: Amount","135","60"
"2026-09-07","1","HMRC.csv","Self-employment income: Number of individuals","150","60"
"2026-09-07","2","HMRC.csv","Employment income: Number of individuals","150","60"
"2026-09-07","3","HMRC.csv","Total tax: Amount","150","60"
"2026-09-08","1","LSOA.csv","Population","165","40"
"2026-09-08","2","HMRC.csv","Employment income: Number of individuals","165","40"
"2026-09-08","3","HMRC.csv","Total tax: Amount","165","40"
"2026-09-09","1","LSOA.csv","Population","ns","45"
"2026-09-09","2","HMRC.csv","Self-employment income: Number of individuals","ns","45"
"2026-09-09","3","HMRC.csv","Pension income: Number of individuals","ns","45"
"2026-09-10","1","LSOA.csv","Population","15","50"
"2026-09-10","2","HMRC.csv","Employment income: Number of individuals","15","50"
"2026-09-10","3","HMRC.csv","Total tax: Amount","15","50"
"2026-09-11","1","LSOA.csv","Population","30","30"
"2026-09-11","2","HMRC.csv","Pension income: Number of individuals","30","30"
"2026-09-11","3","HMRC.csv","Total tax: Amount","30","30"
"2026-09-12","1","HMRC.csv","Self-employment income: Number of individuals","75","55"
"2026-09-12","2","HMRC.csv","Pension income: Number of individuals","75","55"
"2026-09-12","3","HMRC.csv","Total tax: Amount","75","55"
"2026-09-13","1","HMRC.csv","Self-employment income: Number of individuals","we","60"
"2026-09-13","2","HMRC.csv","Pension income: Number of individuals","we","60"
"2026-09-13","3","HMRC.csv","Total tax: Amount","we","60"
"2026-09-14","1","HMRC.csv","Self-employment income: Number of individuals","105","60"
"2026-09-14","2","HMRC.csv","Pension income: Number of individuals","105","60"
"2026-09-14","3","HMRC.csv","Total tax: Amount","105","60"
"2026-09-15","1","LSOA.csv","Population","120","55"
"2026-09-15","2","HMRC.csv","Pension income: Number of individuals","120","55"
"2026-09-15","3","HMRC.csv","Total tax: Amount","120","55"
"2026-09-16","1","LA.csv","Population2024","135","30"
"2026-09-16","2","LSOA.csv","Population","135","30"
"2026-09-16","3","HMRC.csv","Total tax: Amount","135","30"
"2026-09-17","1","LA.csv","Population2024","150","35"
"2026-09-17","2","LSOA.csv","Population","150","35"
"2026-09-17","3","HMRC.csv","Total tax: Amount","150","35"
"2026-09-18","1","HMRC.csv","Self-employment income: Number of individuals","165","30"
"2026-09-18","2","HMRC.csv","Pension income: Number of individuals","165","30"
"2026-09-18","3","HMRC.csv","Total tax: Amount","165","30"
"2026-09-19","1","LSOA.csv","Population","ns","50"
"2026-09-19","2","HMRC.csv","Self-employment income: Number of individuals","ns","50"
"2026-09-19","3","HMRC.csv","Employment income: Number of individuals","ns","50"
"2026-09-20","1","LA.csv","Population2024","15","25"
"2026-09-20","2","HMRC.csv","Self-employment income: Number of individuals","15","25"
"2026-09-20","3","HMRC.csv","Total tax: Amount","15","25"
"2026-09-21","1","LA.csv","Population2024","30","35"
"2026-09-21","2","HMRC.csv","Self-employment income: Number of individuals","30","35"
"2026-09-21","3","HMRC.csv","Total tax: Amount","30","35"
"2026-09-22","1","HMRC.csv","Self-employment income: Number of individuals","75","55"
"2026-09-22","2","HMRC.csv","Pension income: Number of individuals","75","55"
"2026-09-22","3","HMRC.csv","Total tax: Amount","75","55"
"2026-09-23","1","LSOA.csv","Population","we","50"
"2026-09-23","2","HMRC.csv","Pension income: Number of individuals","we","50"
"2026-09-23","3","HMRC.csv","Total tax: Amount","we","50"
"2026-09-24","1","LSOA.csv","Population","105","35"
"2026-09-24","2","HMRC.csv","Pension income: Number of individuals","105","35"
"2026-09-24","3","HMRC.csv","Total tax: Amount","105","35"
"2026-09-25","1","HMRC.csv","Self-employment income: Number of individuals","120","30"
"2026-09-25","2","HMRC.csv","Pension income: Number of individuals","120","30"
"2026-09-25","3","HMRC.csv","Total tax: Amount","120","30"
"2026-09-26","1","LA.csv","Population2024","135","25"
"2026-09-26","2","LSOA.csv","Population","135","25"
"2026-09-26","3","HMRC.csv","Self-employment income: Number of individuals","135","25"
"2026-09-27","1","LA.csv","Population2024","150","55"
"2026-09-27","2","HMRC.csv","Self-employment income: Number of individuals","150","55"
"2026-09-27","3","HMRC.csv","Total tax: Amount","150","55"
"2026-09-28","1","LA.csv","Population2024","165","40"
"2026-09-28","2","HMRC.csv","Self-employment income: Number of individuals","165","40"
"2026-09-28","3","HMRC.csv","Total tax: Amount","165","40"
"2026-09-29","1","LA.csv","Population2024","ns","40"
"2026-09-29","2","HMRC.csv","Self-employment income: Number of individuals","ns","40"
"2026-09-29","3","HMRC.csv","Total tax: Amount","ns","40"
"2026-09-30","1","HMRC.csv","Self-employment income: Number of individuals","15","40"
"2026-09-30","2","HMRC.csv","Employment income: Number of individuals","15","40"
"2026-09-30","3","HMRC.csv","Total tax: Amount","15","40"
"2026-10-01","1","HMRC.csv","Self-employment income: Number of individuals","30","35"
"2026-10-01","2","HMRC.csv","Pension income: Number of individuals","30","35"
"2026-10-01","3","HMRC.csv","Total tax: Amount","30","35"
"2026-10-02","1","HMRC.csv","Self-employment income: Number of individuals","75","55"
"2026-10-02","2","HMRC.csv","Pension income: Number of individuals","75","55"
"2026-10-02","3","HMRC.csv","Total tax: Amount","75","55"
"2026-10-03","1","HMRC.csv","Self-employment income: Number of individuals","we","45"
"2026-10-03","2","HMRC.csv","Pension income: Number of individuals","we","45"
"2026-10-03","3","HMRC.csv","Total tax: Amount","we","45"
"2026-10-04","1","HMRC.csv","Self-employment income: Number of individuals","105","60"
"2026-10-04","2","HMRC.csv","Pension income: Number of individuals","105","60"
"2026-10-04","3","HMRC.csv","Total tax: Amount","105","60"
"2026-10-05","1","LSOA.csv","Population","120","40"
"2026-10-05","2","HMRC.csv","Pension income: Number of individuals","120","40"
"2026-10-05","3","HMRC.csv","Total tax: Amount","120","40"
"2026-10-06","1","HMRC.csv","Self-employment income: Number of individuals","135","30"
"2026-10-06","2","HMRC.csv","Employment income: Number of individuals","135","30"
"2026-10-06","3","HMRC.csv","Total tax: Amount","135","30"
"2026-10-07","1","LSOA.csv","Population","150","50"
"2026-10-07","2","HMRC.csv","Employment income: Number of individuals","150","50"
"2026-10-07","3","HMRC.csv","Total tax: Amount","150","50"
"2026-10-08","1","LSOA.csv","Population","165","45"
"2026-10-08","2","HMRC.csv","Self-employment income: Number of individuals","165","45"
"2026-10-08","3","HMRC.csv","Pension income: Number of individuals","165","45"
"2026-10-09","1","LSOA.csv","Population","ns","25"
"2026-10-09","2","HMRC.csv","Employment income: Number of individuals","ns","25"
"2026-10-09","3","HMRC.csv","Total tax: Amount","ns","25"
"2026-10-10","1","HMRC.csv","Self-employment income: Number of individuals","15","35"
"2026-10-10","2","HMRC.csv","Pension income: Number of individuals","15","35"
"2026-10-10","3","HMRC.csv","Total tax: Amount","15","35"
"2026-10-11","1","HMRC.csv","Self-employment income: Number of individuals","30","35"
"2026-10-11","2","HMRC.csv","Employment income: Number of individuals","30","35"
"2026-10-11","3","HMRC.csv","Total tax: Amount","30","35"
"2026-10-12","1","HMRC.csv","Self-employment income: Number of individuals","75","55"
"2026-10-12","2","HMRC.csv","Pension income: Number of individuals","75","55"
"2026-10-12","3","HMRC.csv","Total tax: Amount","75","55"
"2026-10-13","1","LSOA.csv","Population","we","45"
"2026-10-13","2","HMRC.csv","Pension income: Number of individuals","we","45"
"2026-10-13","3","HMRC.csv","Total tax: Amount","we","45"
"2026-10-14","1","LSOA.csv","Population","105","35"
"2026-10-14","2","HMRC.csv","Pension income: Number of individuals","105","35"
"2026-10-14","3","HMRC.csv","Total tax: Amount","105","35"
"2026-10-15","1","HMRC.csv","Self-employment income: Number of individuals","120","50"
"2026-10-15","2","HMRC.csv","Pension income: Number of individuals","120","50"
"2026-10-15","3","HMRC.csv","Total tax: Amount","120","50"
"2026-10-16","1","LSOA.csv","Population","135","30"
"2026-10-16","2","HMRC.csv","Employment income: Number of individuals","135","30"
"2026-10-16","3","HMRC.csv","Total tax: Amount","135","30"
"2026-10-17","1","LSOA.csv","Population","150","50"
"2026-10-17","2","HMRC.csv","Self-employment income: Number of individuals","150","50"
"2026-10-17","3","HMRC.csv","Employment income: Number of individuals","150","50"
"2026-10-18","1","LSOA.csv","Population","165","25"
"2026-10-18","2","HMRC.csv","Pension income: Number of individuals","165","25"
"2026-10-18","3","HMRC.csv","Total tax: Amount","165","25"
"2026-10-19","1","LSOA.csv","Population","ns","30"
"2026-10-19","2","HMRC.csv","Pension income: Number of individuals","ns","30"
"2026-10-19","3","HMRC.csv","Total tax: Amount","ns","30"
"2026-10-20","1","LSOA.csv","Population","15","30"
"2026-10-20","2","HMRC.csv","Pension income: Number of individuals","15","30"
"2026-10-20","3","HMRC.csv","Total tax: Amount","15","30"
"2026-10-21","1","LA.csv","Population2024","30","45"
"2026-10-21","2","LSOA.csv","Population","30","45"
"2026-10-21","3","HMRC.csv","Total tax: Amount","30","45"
"2026-10-22","1","HMRC.csv","Self-employment income: Number of individuals","75","55"
"2026-10-22","2","HMRC.csv","Pension income: Number of individuals","75","55"
"2026-10-22","3","HMRC.csv","Total tax: Amount","75","55"
"2026-10-23","1","HMRC.csv","Self-employment income: Number of individuals","we","45"
"2026-10-23","2","HMRC.csv","Pension income: Number of individuals","we","45"
"2026-10-23","3","HMRC.csv","Total tax: Amount","we","45"
"2026-10-24","1","HMRC.csv","Self-employment income: Number of individuals","105","60"
"2026-10-24","2","HMRC.csv","Pension income: Number of individuals","105","60"
"2026-10-24","3","HMRC.csv","Total tax: Amount","105","60"
"2026-10-25","1","LSOA.csv","Population","120","40"
"2026-10-25","2","HMRC.csv","Pension income: Number of individuals","120","40"
"2026-10-25","3","HMRC.csv","Total tax: Amount","120","40"
"2026-10-26","1","HMRC.csv","Self-employment income: Number of individuals","135","40"
"2026-10-26","2","HMRC.csv","Pension income: Number of individuals","135","40"
"2026-10-26","3","HMRC.csv","Total tax: Amount","135","40"
"2026-10-27","1","HMRC.csv","Self-employment income: Number of individuals","150","45"
"2026-10-27","2","HMRC.csv","Pension income: Number of individuals","150","45"
"2026-10-27","3","HMRC.csv","Total tax: Amount","150","45"
"2026-10-28","1","LA.csv","Population2024","165","45"
"2026-10-28","2","LSOA.csv","Population","165","45"
"2026-10-28","3","HMRC.csv","Total tax: Amount","165","45"
"2026-10-29","1","HMRC.csv","Self-employment income: Number of individuals","ns","30"
"2026-10-29","2","HMRC.csv","Pension income: Number of individuals","ns","30"
"2026-10-29","3","HMRC.csv","Total tax: Amount","ns","30"
"2026-10-30","1","LA.csv","Population2024","15","50"
"2026-10-30","2","LSOA.csv","Population","15","50"
"2026-10-30","3","HMRC.csv","Self-employment income: Number of individuals","15","50"
"2026-10-31","1","LSOA.csv","Population","30","30"
"2026-10-31","2","HMRC.csv","Pension income: Number of individuals","30","30"
"2026-10-31","3","HMRC.csv","Total tax: Amount","30","30"
"2026-11-01","1","HMRC.csv","Self-employment income: Number of individuals","75","55"
"2026-11-01","2","HMRC.csv","Pension income: Number of individuals","75","55"
"2026-11-01","3","HMRC.csv","Total tax: Amount","75","55"
"2026-11-02","1","LSOA.csv","Population","we","60"
"2026-11-02","2","HMRC.csv","Pension income: Number of individuals","we","60"
"2026-11-02","3","HMRC.csv","Total tax: Amount","we","60"
"2026-11-03","1","LSOA.csv","Population","105","60"
"2026-11-03","2","HMRC.csv","Pension income: Number of individuals","105","60"
"2026-11-03","3","HMRC.csv","Total tax: Amount","105","60"
"2026-11-04","1","HMRC.csv","Self-employment income: Number of individuals","120","25"
"2026-11-04","2","HMRC.csv","Pension income: Number of individuals","120","25"
"2026-11-04","3","HMRC.csv","Total tax: Amount","120","25"
"2026-11-05","1","LSOA.csv","Population","135","65"
"2026-11-05","2","HMRC.csv","Pension income: Number of individuals","135","65"
"2026-11-05","3","HMRC.csv","Total tax: Amount","135","65"
"2026-11-06","1","LSOA.csv","Population","150","65"
"2026-11-06","2","HMRC.csv","Pension income: Number of individuals","150","65"
"2026-11-06","3","HMRC.csv","Total tax: Amount","150","65"
"2026-11-07","1","LSOA.csv","Population","165","45"
"2026-11-07","2","HMRC.csv","Self-employment income: Number of individuals","165","45"
"2026-11-07","3","HMRC.csv","Total tax: Amount","165","45"
"2026-11-08","1","HMRC.csv","Self-employment income: Number of individuals","ns","30"
"2026-11-08","2","HMRC.csv","Employment income: Number of individuals","ns","30"
"2026-11-08","3","HMRC.csv","Total tax: Amount","ns","30"
"2026-11-09","1","LA.csv","Population2024","15","50"
"2026-11-09","2","LSOA.csv","Population","15","50"
"2026-11-09","3","HMRC.csv","Total tax: Amount","15","50"
"2026-11-10","1","LA.csv","Population2024","30","35"
"2026-11-10","2","HMRC.csv","Self-employment income: Number of individuals","30","35"
"2026-11-10","3","HMRC.csv","Total tax: Amount","30","35"
"2026-11-11","1","HMRC.csv","Self-employment income: Number of individuals","75","55"
"2026-11-11","2","HMRC.csv","Pension income: Number of individuals","75","55"
"2026-11-11","3","HMRC.csv","Total tax: Amount","75","55"
"2026-11-12","1","HMRC.csv","Self-employment income: Number of individuals","we","45"
"2026-11-12","2","HMRC.csv","Pension income: Number of individuals","we","45"
"2026-11-12","3","HMRC.csv","Total tax: Amount","we","45"
"2026-11-13","1","HMRC.csv","Self-employment income: Number of individuals","105","60"
"2026-11-13","2","HMRC.csv","Pension income: Number of individuals","105","60"
"2026-11-13","3","HMRC.csv","Total tax: Amount","105","60"
"2026-11-14","1","LSOA.csv","Population","120","45"
"2026-11-14","2","HMRC.csv","Pension income: Number of individuals","120","45"
"2026-11-14","3","HMRC.csv","Total tax: Amount","120","45"
"2026-11-15","1","LSOA.csv","Population","135","45"
"2026-11-15","2","HMRC.csv","Self-employment income: Number of individuals","135","45"
"2026-11-15","3","HMRC.csv","Total tax: Amount","135","45"
"2026-11-16","1","LSOA.csv","Population","150","25"
"2026-11-16","2","HMRC.csv","Self-employment income: Number of individuals","150","25"
"2026-11-16","3","HMRC.csv","Total tax: Amount","150","25"
"2026-11-17","1","LA.csv","Population2024","165","50"
"2026-11-17","2","LSOA.csv","Population","165","50"
"2026-11-17","3","HMRC.csv","Self-employment income: Number of individuals","165","50"
"2026-11-18","1","LA.csv","Population2024","ns","50"
"2026-11-18","2","LSOA.csv","Population","ns","50"
"2026-11-18","3","HMRC.csv","Self-employment income: Number of individuals","ns","50"
"2026-11-19","1","LSOA.csv","Population","15","50"
"2026-11-19","2","HMRC.csv","Self-employment income: Number of individuals","15","50"
"2026-11-19","3","HMRC.csv","Employment income: Number of individuals","15","50"
"2026-11-20","1","HMRC.csv","Self-employment income: Number of individuals","30","35"
"2026-11-20","2","HMRC.csv","Pension income: Number of individuals","30","35"
"2026-11-20","3","HMRC.csv","Total tax: Amount","30","35"
"2026-11-21","1","HMRC.csv","Self-employment income: Number of individuals","75","55"
"2026-11-21","2","HMRC.csv","Pension income: Number of individuals","75","55"
"2026-11-21","3","HMRC.csv","Total tax: Amount","75","55"
"2026-11-22","1","LSOA.csv","Population","we","60"
"2026-11-22","2","HMRC.csv","Pension income: Number of individuals","we","60"
"2026-11-22","3","HMRC.csv","Total tax: Amount","we","60"
"2026-11-23","1","LSOA.csv","Population","105","40"
"2026-11-23","2","HMRC.csv","Pension income: Number of individuals","105","40"
"2026-11-23","3","HMRC.csv","Total tax: Amount","105","40"
"2026-11-24","1","HMRC.csv","Self-employment income: Number of individuals","120","25"
"2026-11-24","2","HMRC.csv","Pension income: Number of individuals","120","25"
"2026-11-24","3","HMRC.csv","Total tax: Amount","120","25"
"2026-11-25","1","LSOA.csv","Population","135","25"
"2026-11-25","2","HMRC.csv","Self-employment income: Number of individuals","135","25"
"2026-11-25","3","HMRC.csv","Pension income: Number of individuals","135","25"
"2026-11-26","1","LSOA.csv","Population","150","50"
"2026-11-26","2","HMRC.csv","Self-employment income: Number of individuals","150","50"
"2026-11-26","3","HMRC.csv","Pension income: Number of individuals","150","50"
"2026-11-27","1","HMRC.csv","Self-employment income: Number of individuals","165","40"
"2026-11-27","2","HMRC.csv","Employment income: Number of individuals","165","40"
"2026-11-27","3","HMRC.csv","Total tax: Amount","165","40"
"2026-11-28","1","LSOA.csv","Population","ns","45"
"2026-11-28","2","HMRC.csv","Self-employment income: Number of individuals","ns","45"
"2026-11-28","3","HMRC.csv","Total tax: Amount","ns","45"
"2026-11-29","1","LSOA.csv","Population","15","50"
"2026-11-29","2","HMRC.csv","Self-employment income: Number of individuals","15","50"
"2026-11-29","3","HMRC.csv","Pension income: Number of individuals","15","50"
"2026-11-30","1","HMRC.csv","Self-employment income: Number of individuals","30","35"
"2026-11-30","2","HMRC.csv","Employment income: Number of individuals","30","35"
"2026-11-30","3","HMRC.csv","Total tax: Amount","30","35"
"2026-12-01","1","HMRC.csv","Self-employment income: Number of individuals","75","55"
"2026-12-01","2","HMRC.csv","Pension income: Number of individuals","75","55"
"2026-12-01","3","HMRC.csv","Total tax: Amount","75","55"
"2026-12-02","1","HMRC.csv","Self-employment income: Number of individuals","we","45"
"2026-12-02","2","HMRC.csv","Pension income: Number of individuals","we","45"
"2026-12-02","3","HMRC.csv","Total tax: Amount","we","45"
"2026-12-03","1","HMRC.csv","Self-employment income: Number of individuals","105","60"
"2026-12-03","2","HMRC.csv","Pension income: Number of individuals","105","60"
"2026-12-03","3","HMRC.csv","Total tax: Amount","105","60"
"2026-12-04","1","LSOA.csv","Population","120","45"
"2026-12-04","2","HMRC.csv","Pension income: Number of individuals","120","45"
"2026-12-04","3","HMRC.csv","Total tax: Amount","120","45"
"2026-12-05","1","LSOA.csv","Population","135","55"
"2026-12-05","2","HMRC.csv","Self-employment income: Number of individuals","135","55"
"2026-12-05","3","HMRC.csv","Employment income: Number of individuals","135","55"
"2026-12-06","1","LA.csv","Population2024","150","25"
"2026-12-06","2","LSOA.csv","Population","150","25"
"2026-12-06","3","HMRC.csv","Self-employment income: Number of individuals","150","25"
"2026-12-07","1","LSOA.csv","Population","165","45"
"2026-12-07","2","HMRC.csv","Self-employment income: Number of individuals","165","45"
"2026-12-07","3","HMRC.csv","Employment income: Number of individuals","165","45"
"2026-12-08","1","LA.csv","Population2024","ns","40"
"2026-12-08","2","LSOA.csv","Population","ns","40"
"2026-12-08","3","HMRC.csv","Total tax: Amount","ns","40"
"2026-12-09","1","LSOA.csv","Population","15","35"
"2026-12-09","2","HMRC.csv","Employment income: Number of individuals","15","35"
"2026-12-09","3","HMRC.csv","Total tax: Amount","15","35"
"2026-12-10","1","LA.csv","Population2024","30","35"
"2026-12-10","2","LSOA.csv","Population","30","35"
"2026-12-10","3","HMRC.csv","Total tax: Amount","30","35"
"2026-12-11","1","HMRC.csv","Self-employment income: Number of individuals","75","55"
"2026-12-11","2","HMRC.csv","Pension income: Number of individuals","75","55"
"2026-12-11","3","HMRC.csv","Total tax: Amount","75","55"
"2026-12-12","1","LSOA.csv","Population","we","60"
"2026-12-12","2","HMRC.csv","Pension income: Number of individuals","we","60"
"2026-12-12","3","HMRC.csv","Total tax: Amount","we","60"
"2026-12-13","1","LSOA.csv","Population","105","40"
"2026-12-13","2","HMRC.csv","Pension income: Number of individuals","105","40"
"2026-12-13","3","HMRC.csv","Total tax: Amount","105","40"
"2026-12-14","1","HMRC.csv","Self-employment income: Number of individuals","120","60"
"2026-12-14","2","HMRC.csv","Pension income: Number of individuals","120","60"
"2026-12-14","3","HMRC.csv","Total tax: Amount","120","60"
"2026-12-15","1","LA.csv","Population2024","135","30"
"2026-12-15","2","HMRC.csv","Self-employment income: Number of individuals","135","30"
"2026-12-15","3","HMRC.csv","Total tax: Amount","135","30"
"2026-12-16","1","HMRC.csv","Self-employment income: Number of individuals","150","45"
"2026-12-16","2","HMRC.csv","Employment income: Number of individuals","150","45"
"2026-12-16","3","HMRC.csv","Total tax: Amount","150","45"
"2026-12-17","1","LSOA.csv","Population","165","45"
"2026-12-17","2","HMRC.csv","Employment income: Number of individuals","165","45"
"2026-12-17","3","HMRC.csv","Total tax: Amount","165","45"
"2026-12-18","1","LSOA.csv","Population","ns","45"
"2026-12-18","2","HMRC.csv","Self-employment income: Number of individuals","ns","45"
"2026-12-18","3","HMRC.csv","Pension income: Number of individuals","ns","45"
"2026-12-19","1","LA.csv","Population2024","15","40"
"2026-12-19","2","HMRC.csv","Self-employment income: Number of individuals","15","40"
"2026-12-19","3","HMRC.csv","Total tax: Amount","15","40"
"2026-12-20","1","LSOA.csv","Population","30","45"
"2026-12-20","2","HMRC.csv","Pension income: Number of individuals","30","45"
"2026-12-20","3","HMRC.csv","Total tax: Amount","30","45"
"2026-12-21","1","HMRC.csv","Self-employment income: Number of individuals","75","55"
"2026-12-21","2","HMRC.csv","Pension income: Number of individuals","75","55"
"2026-12-21","3","HMRC.csv","Total tax: Amount","75","55"
"2026-12-22","1","HMRC.csv","Self-employment income: Number of individuals","we","55"
"2026-12-22","2","HMRC.csv","Pension income: Number of individuals","we","55"
"2026-12-22","3","HMRC.csv","Total tax: Amount","we","55"
"2026-12-23","1","HMRC.csv","Self-employment income: Number of individuals","105","60"
"2026-12-23","2","HMRC.csv","Pension income: Number of individuals","105","60"
"2026-12-23","3","HMRC.csv","Total tax: Amount","105","60"
"2026-12-24","1","LSOA.csv","Population","120","45"
"2026-12-24","2","HMRC.csv","Pension income: Number of individuals","120","45"
"2026-12-24","3","HMRC.csv","Total tax: Amount","120","45"
"2026-12-25","1","LA.csv","Population2024","135","45"
"2026-12-25","2","LSOA.csv","Population","135","45"
"2026-12-25","3","HMRC.csv","Total tax: Amount","135","45"
"2026-12-26","1","LA.csv","Population2024","150","65"
"2026-12-26","2","LSOA.csv","Population","150","65"
"2026-12-26","3","HMRC.csv","Total tax: Amount","150","65"
"2026-12-27","1","HMRC.csv","Self-employment income: Number of individuals","165","45"
"2026-12-27","2","HMRC.csv","Pension income: Number of individuals","165","45"
"2026-12-27","3","HMRC.csv","Total tax: Amount","165","45"
