Code,Name,Longitude,Latitude
E06000001,Hartlepool,-1.27017398779536,54.6761323913085
E06000002,Middlesbrough,-1.21099807940313,54.5446790013875
E06000003,Redcar and Cleveland,-1.00656526759467,54.5675202618822
E06000004,Stockton-on-Tees,-1.3066458992346,54.5568759076187
E06000005,Darlington,-1.56835597396882,54.5353447160818
E06000006,Halton,-2.68853781448645,53.3342479420794
E06000007,Warrington,-2.56167806038101,53.3916416280891
E06000008,Blackburn with Darwen,-2.46361948728584,53.7008055684334
E06000009,Blackpool,-3.02202517683391,53.8216419104146
E06000010,"Kingston upon Hull, City of",-0.303855490134563,53.769213088188
E06000011,East Riding of Yorkshire,-0.661958731987238,53.8811217480949
E06000012,North East Lincolnshire,-0.139110270904596,53.5232713049509
E06000013,North Lincolnshire,-0.524076408952621,53.5864317438013
E06000014,York,-1.07376818462332,53.9658335085599
E06000015,Derby,-1.47186585051362,52.9146429913456
E06000016,Leicester,-1.13040939636192,52.6359206524547
E06000017,Rutland,-0.626308489110176,52.6676594057369
E06000018,Nottingham,-1.16667589760183,52.9542040432354
E06000019,"Herefordshire, County of",-2.73931185513188,52.0816211410206
E06000020,Telford and Wrekin,-2.48941116624348,52.7141751272564
E06000021,Stoke-on-Trent,-2.15888838538727,53.0170614775527
E06000022,Bath and North East Somerset,-2.48657299954747,51.3560476859387
E06000023,"Bristol, City of",-2.57742070034103,51.4711361428123
E06000024,North Somerset,-2.75438335403326,51.3970623952528
E06000025,South Gloucestershire,-2.46926612493759,51.5467255473153
E06000026,Plymouth,-4.11299187689255,50.4049459944613
E06000027,Torbay,-3.55523593606309,50.4709244728346
E06000030,Swindon,-1.73369256077325,51.5776478256202
E06000031,Peterborough,-0.268744711722559,52.5921468066696
E06000032,Luton,-0.423198401266845,51.8910219179292
E06000033,Southend-on-Sea,0.706922585829193,51.5491761906351
E06000034,Thurrock,0.334874161783657,51.509964607903
E06000035,Medway,0.563173541123793,51.4477274679865
E06000036,Bracknell Forest,-0.73364639396613,51.4112968265562
E06000037,West Berkshire,-1.27367043194754,51.445593648316
E06000038,Reading,-0.990753199924279,51.4530154874339
E06000039,Slough,-0.576175806292735,51.5035033907138
E06000040,Windsor and Maidenhead,-0.675413634530745,51.4803430607076
E06000041,Wokingham,-0.899355512944487,51.4229689747344
E06000042,Milton Keynes,-0.740705275721632,52.0724178688124
E06000043,Brighton and Hove,-0.150813269489536,50.8465065516814
E06000044,Portsmouth,-1.07006189695009,50.8080038898522
E06000045,Southampton,-1.39952838212175,50.9212059714217
E06000046,Isle of Wight,-1.33366284616209,50.6712910497599
E06000047,County Durham,-1.8404772882589,54.6851322480179
E06000049,Cheshire East,-2.29299595432117,53.1679301764093
E06000050,Cheshire West and Chester,-2.70298291032111,53.1633637523323
E06000051,Shropshire,-2.73667184190132,52.6220980784832
E06000052,Cornwall,-4.64254596062712,50.4502281526531
E06000053,Isles of Scilly,-6.30217399258523,49.9233284929922
E06000054,Wiltshire,-1.92655862080859,51.3288290863844
E06000055,Bedford,-0.454635133359749,52.1962883774032
E06000056,Central Bedfordshire,-0.477543172607158,51.9990354098404
E06000057,Northumberland,-2.07521904678261,55.3003827264872
E06000058,"Bournemouth, Christchurch and Poole",-1.84807019945986,50.7460986610544
E06000059,Dorset,-2.41459070623791,50.7969795462014
E06000060,Buckinghamshire,-0.805738698579926,51.7696703923299
E06000061,North Northamptonshire,-0.625048760160605,52.425473283927
E06000062,West Northamptonshire,-1.01682928407167,52.2689888024008
E06000063,Cumberland,-3.30816235217549,54.6857570860653
E06000064,Westmorland and Furness,-2.71336711357468,54.4917039615607
E06000065,North Yorkshire,-1.55033500566127,54.093702115532
E06000066,Somerset,-3.29604191350902,51.0718326176882
E07000008,Cambridge,0.126436151186008,52.2001770908693
E07000009,East Cambridgeshire,0.28314876952249,52.3578848141666
E07000010,Fenland,0.00892741176408,52.5354495483393
E07000011,Huntingdonshire,-0.224703767882458,52.3531459292769
E07000012,South Cambridgeshire,0.091017240925655,52.1080566113918
E07000032,Amber Valley,-1.46219917450327,53.0288452628082
E07000033,Bolsover,-1.27228091307556,53.238748420491
E07000034,Chesterfield,-1.40115519433631,53.2557439349675
E07000035,Derbyshire Dales,-1.7070891723424,53.1232752627006
E07000036,Erewash,-1.35089307667117,52.9381901123034
E07000037,High Peak,-1.84400422408464,53.3856354715472
E07000038,North East Derbyshire,-1.44253875948231,53.1624324901245
E07000039,South Derbyshire,-1.53480907760412,52.8249028880384
E07000040,East Devon,-3.22363999660262,50.757617015752
E07000041,Exeter,-3.51368599996256,50.717824409715
E07000042,Mid Devon,-3.59210694292259,50.8688402974727
E07000043,North Devon,-3.92688791561546,51.0762190346373
E07000044,South Hams,-3.82001679703608,50.3719794129575
E07000045,Teignbridge,-3.65289540722717,50.6098105981533
E07000046,Torridge,-4.21728635469926,50.9073911934943
E07000047,West Devon,-4.0335881654355,50.6648286522796
E07000061,Eastbourne,0.258515981243561,50.773870570217
E07000062,Hastings,0.578395325017467,50.8672443509626
E07000063,Lewes,0.007657596822369,50.8334279628163
E07000064,Rother,0.542936999240824,50.9487187577023
E07000065,Wealden,0.205155925768973,50.9332372335131
E07000066,Basildon,0.475055882374355,51.5903781508125
E07000067,Braintree,0.575912095086454,51.9163575686853
E07000068,Brentwood,0.290091016557597,51.6410862267204
E07000069,Castle Point,0.588127120437213,51.5615975681292
E07000070,Chelmsford,0.491177396737577,51.7350377058698
E07000071,Colchester,0.859819930516844,51.8770182918276
E07000072,Epping Forest,0.15414620909656,51.7127876530521
E07000073,Harlow,0.103888124020173,51.7661437918879
E07000074,Maldon,0.773106274670609,51.774588494215
E07000075,Rochford,0.683442280828215,51.590907990126
E07000076,Tendring,1.10898138569975,51.8567446506979
E07000077,Uttlesford,0.29449903453898,51.9359029584178
E07000078,Cheltenham,-2.07515574123103,51.8986170954944
E07000079,Cotswold,-1.97058182422681,51.7725558984666
E07000080,Forest of Dean,-2.47755088228672,51.8124984959649
E07000081,Gloucester,-2.23263428649607,51.8464156889982
E07000082,Stroud,-2.30818743642594,51.7200132988574
E07000083,Tewkesbury,-2.19997124067851,51.9348754857705
E07000084,Basingstoke and Deane,-1.22023040521185,51.2593699264745
E07000085,East Hampshire,-0.939657389289195,51.0577479073151
E07000086,Eastleigh,-1.32947565842014,50.9487647992106
E07000087,Fareham,-1.23742841787042,50.8538849345984
E07000088,Gosport,-1.16731249358875,50.8063647654429
E07000089,Hart,-0.883215055810578,51.2819808623232
E07000090,Havant,-1.00398790463242,50.8723157382528
E07000091,New Forest,-1.59292962171103,50.8575106733702
E07000092,Rushmoor,-0.768077299618687,51.2781554706676
E07000093,Test Valley,-1.50214508071209,51.1341696633617
E07000094,Winchester,-1.24393809144109,51.0300221183955
E07000095,Broxbourne,-0.050733153230017,51.7208069555842
E07000096,Dacorum,-0.550980768798414,51.7684533882072
E07000098,Hertsmere,-0.268990962924966,51.6801735759183
E07000099,North Hertfordshire,-0.223160000623918,51.9573271426708
E07000102,Three Rivers,-0.450052634909218,51.6563200983173
E07000103,Watford,-0.404289563319583,51.6717047945665
E07000105,Ashford,0.823374392812352,51.1309603182959
E07000106,Canterbury,1.09632815554703,51.2810287769822
E07000107,Dartford,0.245275876015599,51.4337347226444
E07000108,Dover,1.27688726008173,51.2117616871273
E07000109,Gravesham,0.398743938957699,51.3964921107229
E07000110,Maidstone,0.584061099852731,51.2356630603236
E07000111,Sevenoaks,0.188935893173563,51.2756301784779
E07000112,Folkestone and Hythe,1.00079586747068,51.0721510398288
E07000113,Swale,0.776892809016049,51.3225190255982
E07000114,Thanet,1.3282255102217,51.3525243749557
E07000115,Tonbridge and Malling,0.349304900746489,51.2606309192735
E07000116,Tunbridge Wells,0.471631078442087,51.1025374611579
E07000117,Burnley,-2.23080727572804,53.7740488282412
E07000118,Chorley,-2.61923057849707,53.672382694837
E07000119,Fylde,-2.9191473683707,53.7970913986021
E07000120,Hyndburn,-2.38964340740714,53.7564441689902
E07000121,Lancaster,-2.66030437377015,54.0790096161305
E07000122,Pendle,-2.18956011974665,53.8863623496653
E07000123,Preston,-2.71804947705806,53.8220140795709
E07000124,Ribble Valley,-2.41737043129486,53.9245145280695
E07000125,Rossendale,-2.2614923693217,53.6847623273083
E07000126,South Ribble,-2.72871585391679,53.7267656899911
E07000127,West Lancashire,-2.8690085826456,53.6128445345729
E07000128,Wyre,-2.80360621623719,53.8999185011252
E07000129,Blaby,-1.19887926083938,52.5770692441858
E07000130,Charnwood,-1.13694823198926,52.7399019528445
E07000131,Harborough,-0.902283537622274,52.5376414951838
E07000132,Hinckley and Bosworth,-1.41755405676987,52.6087763955852
E07000133,Melton,-0.85440366558362,52.8032636173525
E07000134,North West Leicestershire,-1.42215827991296,52.7425132347116
E07000135,Oadby and Wigston,-1.09300771688498,52.5887575197153
E07000136,Boston,-0.112181048482785,52.9779720229888
E07000137,East Lindsey,0.020516202526605,53.2644604014362
E07000138,Lincoln,-0.558489041195941,53.2192134583558
E07000139,North Kesteven,-0.476646970531158,53.0805899593804
E07000140,South Holland,-0.030572808094969,52.7875963498978
E07000141,South Kesteven,-0.495682112148826,52.8488586330188
E07000142,West Lindsey,-0.50774546027609,53.4004488587362
E07000143,Breckland,0.818716773478431,52.5942276208084
E07000144,Broadland,1.25227260820627,52.6962217107656
E07000145,Great Yarmouth,1.64952499507193,52.684394911971
E07000146,King's Lynn and West Norfolk,0.533244510521247,52.7128564222609
E07000147,North Norfolk,1.13160946521211,52.8339032171399
E07000148,Norwich,1.28497877332095,52.6401335892924
E07000149,South Norfolk,1.37324692038119,52.5121763635967
E07000170,Ashfield,-1.2542199946817,53.0974712211036
E07000171,Bassetlaw,-0.978700844057429,53.3560442853465
E07000172,Broxtowe,-1.25944700168906,52.9720858561353
E07000173,Gedling,-1.11907660323092,53.0243462938423
E07000174,Mansfield,-1.17804311654071,53.167031786984
E07000175,Newark and Sherwood,-0.946435475550188,53.1096024361062
E07000176,Rushcliffe,-1.01093253186209,52.9124051142497
E07000177,Cherwell,-1.28506031297123,51.8871841538239
E07000178,Oxford,-1.24405690616009,51.7535776114327
E07000179,South Oxfordshire,-1.07847365378115,51.6228819963421
E07000180,Vale of White Horse,-1.48537777689021,51.6544467684909
E07000181,West Oxfordshire,-1.50291986270992,51.8399152022555
E07000192,Cannock Chase,-1.98277233856112,52.7016657533704
E07000193,East Staffordshire,-1.81441437249016,52.8365275346482
E07000194,Lichfield,-1.76059838595194,52.6961581476342
E07000195,Newcastle-under-Lyme,-2.32628895350628,53.0034783143328
E07000196,South Staffordshire,-2.15496632754844,52.6969166757058
E07000197,Stafford,-2.16477143263107,52.847918406232
E07000198,Staffordshire Moorlands,-1.9933446075955,53.069286875152
E07000199,Tamworth,-1.68455673785819,52.620287323007
E07000200,Babergh,0.916149104650889,52.0645018797268
E07000202,Ipswich,1.16617454849648,52.055923203596
E07000203,Mid Suffolk,1.09695134861202,52.2185651985165
E07000207,Elmbridge,-0.394400399630271,51.3609537684822
E07000208,Epsom and Ewell,-0.261727675100544,51.3394656143843
E07000209,Guildford,-0.562579043596685,51.2536620418725
E07000210,Mole Valley,-0.306038727902008,51.227498671878
E07000211,Reigate and Banstead,-0.198713580561657,51.2584601032106
E07000212,Runnymede,-0.53854995641516,51.3927406119718
E07000213,Spelthorne,-0.462539505708318,51.4155255519317
E07000214,Surrey Heath,-0.689837506714765,51.3361247723004
E07000215,Tandridge,-0.048092787773726,51.2358458394399
E07000216,Waverley,-0.623432928838711,51.1568607009304
E07000217,Woking,-0.579810063798775,51.3083951817863
E07000218,North Warwickshire,-1.62420099621253,52.5648694782358
E07000219,Nuneaton and Bedworth,-1.47964406961627,52.5009427584358
E07000220,Rugby,-1.31828035997912,52.3822797932377
E07000221,Stratford-on-Avon,-1.63565758930543,52.1615568870362
E07000222,Warwick,-1.58369689192721,52.3014204900747
E07000223,Adur,-0.324175531191673,50.8457243902183
E07000224,Arun,-0.649996255860542,50.8432105058615
E07000225,Chichester,-0.716306606911189,50.94177595697
E07000226,Crawley,-0.195331517314312,51.1235742571339
E07000227,Horsham,-0.381267350679462,51.0027242699321
E07000228,Mid Sussex,-0.102752341639538,51.0595440711119
E07000229,Worthing,-0.401271757439352,50.8331002509364
E07000234,Bromsgrove,-2.00376531192951,52.3616944115391
E07000235,Malvern Hills,-2.33092240036726,52.1675944844614
E07000236,Redditch,-1.94710013546562,52.2854186911435
E07000237,Worcester,-2.20997419745466,52.194771837666
E07000238,Wychavon,-2.01614718879903,52.1288688351678
E07000239,Wyre Forest,-2.23494447929379,52.3853018738708
E07000240,St Albans,-0.340706136299759,51.7735670014862
E07000241,Welwyn Hatfield,-0.185180087409199,51.7608731795515
E07000242,East Hertfordshire,0.002738883012513,51.86485819315
E07000243,Stevenage,-0.189871591723037,51.9053950701622
E07000244,East Suffolk,1.45619925270024,52.2441664987832
E07000245,West Suffolk,0.652723473293825,52.3084027133745
E08000001,Bolton,-2.47952053247137,53.5845069545676
E08000002,Bury,-2.30880276446229,53.5930958133068
E08000003,Manchester,-2.23359511298555,53.4700902761186
E08000004,Oldham,-2.0527489654776,53.5576838761744
E08000005,Rochdale,-2.14784438218074,53.6074163849577
E08000006,Salford,-2.38485156928281,53.4792712594577
E08000007,Stockport,-2.12465833481928,53.3911100571803
E08000008,Tameside,-2.07700155068963,53.4786713364204
E08000009,Trafford,-2.36572096048419,53.4167258058226
E08000010,Wigan,-2.57242473954887,53.5144549479669
E08000011,Knowsley,-2.83297855126112,53.4378857666446
E08000012,Liverpool,-2.91367963533719,53.4083336313455
E08000013,St. Helens,-2.70309272762455,53.4586219733771
E08000014,Sefton,-2.99177121672535,53.4821291867759
E08000015,Wirral,-3.06703399399816,53.3747821455288
E08000017,Doncaster,-1.10894686335418,53.5269575560704
E08000018,Rotherham,-1.28651469150559,53.3955378485312
E08000021,Newcastle upon Tyne,-1.65296988637282,55.0210025641606
E08000022,North Tyneside,-1.50901077232071,55.0289643645779
E08000023,South Tyneside,-1.44693543976587,54.9698827830656
E08000024,Sunderland,-1.43368026418422,54.8571064026756
E08000025,Birmingham,-1.88141159043116,52.4840439659834
E08000026,Coventry,-1.51905185780908,52.4142376613835
E08000027,Dudley,-2.101714422276,52.4951351716316
E08000028,Sandwell,-2.00771605652023,52.5147773174625
E08000029,Solihull,-1.71558831971608,52.4309997874037
E08000030,Walsall,-1.97043396087493,52.6050593217618
E08000031,Wolverhampton,-2.12746370380929,52.5978828034107
E08000032,Bradford,-1.8738953031644,53.843826298987
E08000033,Calderdale,-1.96180643657094,53.7204729716447
E08000034,Kirklees,-1.78085073665883,53.6423340079582
E08000035,Leeds,-1.50736109698476,53.8227327405479
E08000036,Wakefield,-1.42091075561148,53.6591849917274
E08000037,Gateshead,-1.68696493443684,54.9311516885795
E08000038,Barnsley,-1.54925875591382,53.5257748670121
E08000039,Sheffield,-1.54254831201168,53.4035862918343
E09000001,City of London,-0.093518996169438,51.5156437265168
E09000002,Barking and Dagenham,0.129479201353285,51.5455560723607
E09000003,Barnet,-0.218196698177717,51.6110720745756
E09000004,Bexley,0.146212422137895,51.4582262886293
E09000005,Brent,-0.275687257577691,51.5643872586302
E09000006,Bromley,0.039245697322528,51.3726630327074
E09000007,Camden,-0.162909512194748,51.5430545239425
E09000008,Croydon,-0.077617330790335,51.3659865413306
E09000009,Ealing,-0.314101124635848,51.5244251666571
E09000010,Enfield,-0.081442418639182,51.648896234217
E09000011,Greenwich,0.050092546872319,51.4639396841182
E09000012,Hackney,-0.060457799920793,51.5549294840465
E09000013,Hammersmith and Fulham,-0.217351369863019,51.4873307417132
E09000014,Haringey,-0.106700614870669,51.5877171130338
E09000015,Harrow,-0.335987578137547,51.5946714598661
E09000016,Havering,0.235368146542089,51.5651966637982
E09000017,Hillingdon,-0.44179441927637,51.5366398106136
E09000018,Hounslow,-0.378550025305828,51.4623864651669
E09000019,Islington,-0.109896387674631,51.5454678972023
E09000020,Kensington and Chelsea,-0.189780888397153,51.4964496538782
E09000021,Kingston upon Thames,-0.283678526726274,51.3929624344959
E09000022,Lambeth,-0.113850894948143,51.4644530721417
E09000023,Lewisham,-0.017344400164415,51.4423023379216
E09000024,Merton,-0.188686763086986,51.4105880711204
E09000025,Newham,0.027260944261224,51.5314952861677
E09000026,Redbridge,0.070085069194342,51.5858816812585
E09000027,Richmond upon Thames,-0.289139974025172,51.4403520537966
E09000028,Southwark,-0.073088291195771,51.4659482175984
E09000029,Sutton,-0.172265132180676,51.3575546996773
E09000030,Tower Hamlets,-0.036475638411882,51.5155475381046
E09000031,Waltham Forest,-0.018803060851025,51.594619289138
E09000032,Wandsworth,-0.200216729402049,51.4524022247184
E09000033,Westminster,-0.152953011059152,51.5122151922723
N09000001,Antrim and Newtownabbey,-6.17760147933698,54.693860547596
N09000002,"Armagh City, Banbridge and Craigavon",-6.43455315528277,54.3867060864603
N09000003,Belfast,-5.92535183899146,54.598534117596
N09000004,Causeway Coast and Glens,-6.59960692529235,55.039620845794
N09000005,Derry City and Strabane,-7.42064242249095,54.8090448475735
N09000006,Fermanagh and Omagh,-7.52710363680606,54.3852125866926
N09000007,Lisburn and Castlereagh,-6.03545452946393,54.4975258943618
N09000008,Mid and East Antrim,-6.14645756222719,54.8646246726302
N09000009,Mid Ulster,-6.88890659095693,54.5527354982075
N09000010,"Newry, Mourne and Down",-6.08891224890612,54.1495367643008
N09000011,Ards and North Down,-5.64568907441521,54.5640976428678
S12000005,Clackmannanshire,-3.7531656289705,56.1478476833671
S12000006,Dumfries and Galloway,-4.02863412628135,55.0962112229666
S12000008,East Ayrshire,-4.29057347448726,55.496742490367
S12000010,East Lothian,-2.72435199225047,55.9420698995637
S12000011,East Renfrewshire,-4.36058456735283,55.7486883828545
S12000013,Na h-Eileanan Siar,-6.65722410127987,58.1993889845805
S12000014,Falkirk,-3.83619168780606,56.0007769602936
S12000017,Highland,-4.661037925246,57.5865697182062
S12000018,Inverclyde,-4.75387004247116,55.900307215112
S12000019,Midlothian,-3.11737997897909,55.8211164342286
S12000020,Moray,-3.20202718736813,57.4768094497754
S12000021,North Ayrshire,-4.72460408658964,55.7278923575223
S12000023,Orkney Islands,-2.9002513474248,58.9433414334139
S12000026,Scottish Borders,-2.85869450961246,55.5259579037258
S12000027,Shetland Islands,-1.37344193376241,60.5049505410644
S12000028,South Ayrshire,-4.72899787772509,55.2300868150208
S12000029,South Lanarkshire,-3.83272187836701,55.6045305998103
S12000030,Stirling,-4.32595595808063,56.2495321641632
S12000033,Aberdeen City,-2.20398296702085,57.1669794475617
S12000034,Aberdeenshire,-2.792088642884,57.2346970112953
S12000035,Argyll and Bute,-5.22114600127962,56.2894454749658
S12000036,City of Edinburgh,-3.27826781089708,55.9112027992836
S12000038,Renfrewshire,-4.56834327696984,55.8486290758342
S12000039,West Dunbartonshire,-4.52074706642337,56.0014023740888
S12000040,West Lothian,-3.6090984292886,55.8992094773194
S12000041,Angus,-2.89210418561443,56.7251839302899
S12000042,Dundee City,-2.97095265352332,56.4776085334464
S12000045,East Dunbartonshire,-4.22417865447272,55.9582929748011
S12000047,Fife,-2.98251398558036,56.2311150749972
S12000048,Perth and Kinross,-3.88484036721821,56.5752839704112
S12000049,Glasgow City,-4.21479689154041,55.8764898939416
S12000050,North Lanarkshire,-3.95140467919849,55.8681436997905
W06000001,Isle of Anglesey,-4.32298125602135,53.2793141937216
W06000002,Gwynedd,-3.77715656077143,52.898837828452
W06000003,Conwy,-3.74646147540576,53.1473991983906
W06000004,Denbighshire,-3.34761018825551,53.0883318819846
W06000005,Flintshire,-3.18248206971383,53.2147184168283
W06000006,Wrexham,-2.99203321849016,53.0016730955879
W06000008,Ceredigion,-3.94993038498858,52.2979532579948
W06000009,Pembrokeshire,-4.90818402413414,51.8551266766636
W06000010,Carmarthenshire,-4.21109120617508,51.8949566044775
W06000011,Swansea,-3.96723204067799,51.6580660129972
W06000012,Neath Port Talbot,-3.74638268363108,51.6445086632169
W06000013,Bridgend,-3.61375859807822,51.5606020315645
W06000014,Vale of Glamorgan,-3.39801573861541,51.4483606503231
W06000015,Cardiff,-3.2220947956523,51.5025445141056
W06000016,Rhondda Cynon Taf,-3.41359760419129,51.6218574814379
W06000018,Caerphilly,-3.19753769913145,51.6500132025456
W06000019,Blaenau Gwent,-3.18592121600941,51.7536433892443
W06000020,Torfaen,-3.05101874132326,51.6983610379427
W06000021,Monmouthshire,-2.90280583928635,51.7782778087928
W06000022,Newport,-2.89768984987477,51.5823105778084
W06000023,Powys,-3.43531801861781,52.3486390469081
W06000024,Merthyr Tydfil,-3.3642522722072,51.748409066142
