Area Code,Area Name,Self-employment income: Number of individuals,Employment income: Number of individuals,Pension income: Number of individuals,Total income: Number of individuals,Total tax: Number of individuals,Total tax: Amount
E06000047,County Durham UA,18000,189000,90000,264000,264000,1140000000
E06000005,Darlington UA,4000,43000,18000,59000,59000,281000000
E06000001,Hartlepool UA,3000,34000,16000,46000,46000,195000000
E06000002,Middlesbrough UA,4000,50000,13000,62000,62000,270000000
E06000057,Northumberland UA,17000,124000,69000,182000,182000,1010000000
E06000003,Redcar and Cleveland UA,5000,45000,19000,62000,62000,262000000
E06000004,Stockton-on-Tees UA,7000,77000,27000,99000,99000,520000000
E08000037,Gateshead,7000,77000,27000,98000,98000,421000000
E08000021,Newcastle upon Tyne,10000,107000,32000,136000,136000,752000000
E08000022,North Tyneside,7000,89000,34000,118000,118000,595000000
E08000023,South Tyneside,4000,55000,24000,76000,76000,309000000
E08000024,Sunderland,8000,103000,36000,132000,132000,561000000
E06000008,Blackburn with Darwen UA,5000,56000,15000,69000,69000,278000000
E06000009,Blackpool UA,5000,51000,21000,68000,68000,214000000
E06000049,Cheshire East UA,22000,171000,76000,237000,237000,2250000000
E06000050,Cheshire West and Chester UA,16000,144000,64000,198000,198000,1390000000
E06000063,Cumberland UA,11000,112000,50000,152000,152000,732000000
E06000006,Halton UA,4000,55000,18000,69000,69000,342000000
E06000007,Warrington UA,10000,93000,36000,123000,123000,784000000
E06000064,Westmorland and Furness UA,17000,95000,50000,137000,137000,712000000
E08000001,Bolton,12000,109000,37000,144000,144000,638000000
E08000002,Bury,8000,79000,29000,104000,104000,544000000
E08000003,Manchester,22000,202000,33000,237000,237000,1260000000
E08000004,Oldham,9000,81000,26000,106000,106000,473000000
E08000005,Rochdale,8000,82000,26000,105000,105000,440000000
E08000006,Salford,12000,123000,25000,147000,147000,819000000
E08000007,Stockport,17000,129000,50000,175000,175000,1150000000
E08000008,Tameside,9000,95000,29000,121000,121000,535000000
E08000009,Trafford,12000,101000,30000,130000,130000,1240000000
E08000010,Wigan,15000,138000,48000,180000,180000,787000000
E07000117,Burnley,2000,32000,11000,41000,41000,152000000
E07000118,Chorley,6000,49000,20000,67000,67000,395000000
E07000119,Fylde,4000,32000,20000,49000,49000,320000000
E07000120,Hyndburn,3000,30000,9000,38000,38000,137000000
E07000121,Lancaster,8000,55000,21000,73000,73000,360000000
E07000122,Pendle,5000,30000,12000,42000,42000,165000000
E07000123,Preston,6000,62000,15000,75000,75000,377000000
E07000124,Ribble Valley,4000,29000,15000,42000,42000,297000000
E07000125,Rossendale,4000,29000,11000,39000,39000,207000000
E07000126,South Ribble,5000,46000,21000,65000,65000,313000000
E07000127,West Lancashire,5000,45000,20000,63000,63000,385000000
E07000128,Wyre,6000,40000,25000,62000,62000,303000000
E08000011,Knowsley,6000,61000,15000,74000,74000,302000000
E08000012,Liverpool,17000,181000,50000,223000,223000,1030000000
E08000014,Sefton,11000,106000,53000,151000,151000,793000000
E08000013,St. Helens,7000,77000,32000,105000,105000,458000000
E08000015,Wirral,12000,122000,57000,170000,170000,903000000
E06000011,East Riding of Yorkshire UA,17000,138000,72000,196000,196000,1110000000
E06000010,Kingston upon Hull UA,8000,102000,27000,124000,124000,404000000
E06000012,North East Lincolnshire UA,4000,62000,24000,81000,81000,331000000
E06000013,North Lincolnshire UA,5000,70000,29000,93000,93000,415000000
E06000065,North Yorkshire UA,41000,254000,126000,366000,366000,2460000000
E06000014,York UA,10000,77000,34000,108000,108000,678000000
E08000016,Barnsley,11000,98000,41000,132000,132000,540000000
E08000017,Doncaster,13000,119000,47000,159000,159000,695000000
E08000018,Rotherham,11000,101000,42000,138000,138000,596000000
E08000019,Sheffield,23000,202000,65000,264000,264000,1320000000
E08000032,Bradford,20000,191000,56000,244000,244000,1080000000
E08000033,Calderdale,10000,80000,33000,111000,111000,550000000
E08000034,Kirklees,19000,167000,60000,221000,221000,1120000000
E08000035,Leeds,35000,330000,108000,428000,428000,2430000000
E08000036,Wakefield,14000,144000,57000,192000,192000,863000000
E06000015,Derby UA,9000,101000,31000,129000,129000,573000000
E06000016,Leicester UA,10000,135000,22000,156000,156000,540000000
E06000061,North Northamptonshire UA,19000,155000,48000,199000,199000,1140000000
E06000018,Nottingham UA,11000,108000,25000,132000,132000,562000000
E06000017,Rutland UA,2000,16000,9000,23000,23000,202000000
E06000062,West Northamptonshire UA,29000,188000,56000,247000,247000,1660000000
E07000032,Amber Valley,6000,54000,25000,74000,74000,425000000
E07000033,Bolsover,4000,31000,12000,42000,42000,185000000
E07000034,Chesterfield,4000,42000,19000,58000,58000,232000000
E07000035,Derbyshire Dales,5000,28000,18000,44000,44000,331000000
E07000036,Erewash,5000,45000,17000,60000,60000,280000000
E07000037,High Peak,6000,38000,17000,54000,54000,298000000
E07000038,North East Derbyshire,5000,39000,20000,56000,56000,290000000
E07000039,South Derbyshire,5000,51000,20000,68000,68000,430000000
E07000129,Blaby,5000,45000,17000,61000,61000,326000000
E07000130,Charnwood,8000,75000,29000,100000,100000,581000000
E07000131,Harborough,6000,42000,18000,60000,60000,523000000
E07000132,Hinckley and Bosworth,6000,47000,20000,65000,65000,365000000
E07000133,Melton,4000,22000,10000,31000,31000,205000000
E07000134,North West Leicestershire,5000,47000,17000,63000,63000,375000000
E07000135,Oadby and Wigston,2000,21000,11000,30000,30000,172000000
E07000136,Boston,4000,28000,10000,37000,37000,140000000
E07000137,East Lindsey,7000,46000,31000,73000,73000,307000000
E07000138,Lincoln,3000,43000,13000,53000,53000,214000000
E07000139,North Kesteven,6000,51000,25000,71000,71000,367000000
E07000140,South Holland,6000,38000,15000,52000,52000,233000000
E07000141,South Kesteven,8000,59000,31000,86000,86000,553000000
E07000142,West Lindsey,5000,38000,20000,54000,54000,278000000
E07000170,Ashfield,5000,53000,21000,71000,71000,296000000
E07000171,Bassetlaw,6000,48000,22000,67000,67000,336000000
E07000172,Broxtowe,4000,45000,21000,63000,63000,322000000
E07000173,Gedling,6000,49000,21000,68000,68000,332000000
E07000174,Mansfield,5000,42000,17000,58000,58000,237000000
E07000175,Newark and Sherwood,7000,49000,29000,74000,74000,413000000
E07000176,Rushcliffe,6000,54000,25000,75000,75000,686000000
E06000019,Herefordshire UA,14000,74000,41000,110000,110000,603000000
E06000051,Shropshire UA,22000,130000,65000,188000,188000,1050000000
E06000021,Stoke-on-Trent UA,10000,97000,26000,120000,120000,427000000
E06000020,Telford and Wrekin UA,8000,80000,25000,102000,102000,461000000
E07000192,Cannock Chase,5000,43000,14000,56000,56000,234000000
E07000193,East Staffordshire,6000,51000,17000,66000,66000,386000000
E07000194,Lichfield,7000,42000,23000,64000,64000,488000000
E07000195,Newcastle-under-Lyme,6000,53000,19000,69000,69000,398000000
E07000196,South Staffordshire,6000,46000,24000,66000,66000,401000000
E07000197,Stafford,7000,55000,26000,77000,77000,454000000
E07000198,Staffordshire Moorlands,6000,37000,19000,53000,53000,256000000
E07000199,Tamworth,3000,34000,11000,44000,44000,191000000
E07000218,North Warwickshire,3000,28000,11000,38000,38000,220000000
E07000219,Nuneaton and Bedworth,5000,61000,20000,78000,78000,334000000
E07000220,Rugby,5000,55000,17000,70000,70000,465000000
E07000221,Stratford-on-Avon,10000,59000,29000,85000,85000,841000000
E07000222,Warwick,8000,67000,27000,92000,92000,867000000
E08000025,Birmingham,40000,380000,99000,474000,474000,2440000000
E08000026,Coventry,12000,139000,41000,179000,179000,782000000
E08000027,Dudley,13000,117000,41000,154000,154000,645000000
E08000028,Sandwell,12000,130000,30000,157000,157000,582000000
E08000029,Solihull,9000,89000,42000,127000,127000,1000000000
E08000030,Walsall,11000,101000,34000,133000,133000,553000000
E08000031,Wolverhampton,10000,101000,31000,127000,127000,555000000
E07000234,Bromsgrove,5000,44000,18000,59000,59000,490000000
E07000235,Malvern Hills,5000,31000,19000,48000,48000,333000000
E07000236,Redditch,5000,39000,12000,52000,52000,240000000
E07000237,Worcester,5000,43000,14000,56000,56000,275000000
E07000238,Wychavon,8000,57000,28000,80000,80000,561000000
E07000239,Wyre Forest,6000,36000,19000,55000,55000,260000000
E06000055,Bedford UA,10000,79000,24000,103000,103000,696000000
E06000056,Central Bedfordshire UA,19000,138000,46000,182000,182000,1310000000
E06000032,Luton UA,14000,86000,15000,106000,106000,455000000
E06000031,Peterborough UA,10000,88000,22000,109000,109000,576000000
E06000033,Southend-on-Sea UA,10000,69000,27000,95000,95000,726000000
E06000034,Thurrock UA,12000,75000,16000,95000,95000,550000000
E07000008,Cambridge,8000,62000,13000,76000,76000,1000000000
E07000009,East Cambridgeshire,6000,40000,13000,51000,51000,423000000
E07000010,Fenland,5000,41000,18000,57000,57000,240000000
E07000011,Huntingdonshire,11000,82000,32000,112000,112000,805000000
E07000012,South Cambridgeshire,10000,77000,28000,102000,102000,1260000000
E07000066,Basildon,12000,74000,21000,97000,97000,744000000
E07000067,Braintree,9000,65000,25000,89000,89000,668000000
E07000068,Brentwood,5000,32000,14000,45000,45000,662000000
E07000069,Castle Point,6000,34000,17000,51000,51000,345000000
E07000070,Chelmsford,12000,77000,26000,103000,103000,981000000
E07000071,Colchester,11000,80000,25000,105000,105000,737000000
E07000072,Epping Forest,11000,58000,21000,81000,81000,984000000
E07000073,Harlow,5000,40000,12000,52000,52000,281000000
E07000074,Maldon,5000,25000,13000,39000,39000,275000000
E07000075,Rochford,6000,33000,14000,48000,48000,401000000
E07000076,Tendring,9000,51000,32000,79000,79000,371000000
E07000077,Uttlesford,8000,40000,18000,57000,57000,689000000
E07000095,Broxbourne,7000,41000,13000,54000,54000,373000000
E07000096,Dacorum,11000,69000,24000,93000,93000,1030000000
E07000242,East Hertfordshire,11000,69000,26000,94000,94000,1100000000
E07000098,Hertsmere,9000,45000,13000,59000,59000,785000000
E07000099,North Hertfordshire,9000,59000,22000,80000,80000,815000000
E07000240,St Albans,11000,68000,27000,95000,95000,1770000000
E07000243,Stevenage,5000,39000,12000,51000,51000,254000000
E07000102,Three Rivers,7000,44000,13000,58000,58000,799000000
E07000103,Watford,6000,49000,9000,60000,60000,461000000
E07000241,Welwyn Hatfield,7000,51000,17000,68000,68000,653000000
E07000143,Breckland,8000,54000,27000,78000,78000,363000000
E07000144,Broadland,8000,53000,28000,80000,80000,432000000
E07000145,Great Yarmouth,4000,37000,15000,49000,49000,196000000
E07000146,King's Lynn and West Norfolk,9000,54000,27000,79000,79000,420000000
E07000147,North Norfolk,7000,34000,27000,58000,58000,283000000
E07000148,Norwich,7000,54000,17000,71000,71000,344000000
E07000149,South Norfolk,9000,57000,26000,82000,82000,521000000
E07000200,Babergh,6000,36000,19000,53000,53000,402000000
E07000244,East Suffolk,15000,86000,51000,131000,131000,815000000
E07000202,Ipswich,6000,53000,15000,68000,68000,321000000
E07000203,Mid Suffolk,7000,43000,24000,64000,64000,429000000
E07000245,West Suffolk,11000,73000,30000,102000,102000,605000000
E09000002,Barking and Dagenham,19000,86000,11000,106000,106000,506000000
E09000003,Barnet,35000,164000,42000,216000,216000,3150000000
E09000004,Bexley,15000,109000,35000,142000,142000,1060000000
E09000005,Brent,28000,146000,25000,182000,182000,1580000000
E09000006,Bromley,22000,146000,50000,195000,195000,2520000000
E09000007,Camden,17000,96000,18000,119000,119000,4730000000
E09000001,City of London,2000,9000,1000,11000,11000,626000000
E09000008,Croydon,24000,176000,43000,220000,220000,1700000000
E09000009,Ealing,29000,155000,32000,198000,198000,2130000000
E09000010,Enfield,22000,122000,32000,159000,159000,1280000000
E09000011,Greenwich,20000,136000,19000,163000,163000,1830000000
E09000012,Hackney,17000,108000,11000,126000,126000,1730000000
E09000013,Hammersmith and Fulham,13000,89000,13000,107000,107000,2870000000
E09000014,Haringey,27000,112000,16000,140000,140000,1870000000
E09000015,Harrow,24000,111000,29000,147000,147000,1360000000
E09000016,Havering,20000,107000,34000,143000,143000,1150000000
E09000017,Hillingdon,17000,138000,31000,171000,171000,1390000000
E09000018,Hounslow,20000,129000,23000,159000,159000,1510000000
E09000019,Islington,16000,103000,13000,121000,121000,2610000000
E09000020,Kensington and Chelsea,10000,59000,12000,74000,74000,5480000000
E09000021,Kingston upon Thames,11000,71000,18000,90000,90000,1270000000
E09000022,Lambeth,22000,162000,18000,186000,186000,2700000000
E09000023,Lewisham,21000,130000,22000,158000,158000,1590000000
E09000024,Merton,18000,101000,21000,127000,127000,2100000000
E09000025,Newham,30000,148000,14000,179000,179000,1160000000
E09000026,Redbridge,26000,120000,29000,160000,160000,1320000000
E09000027,Richmond upon Thames,14000,84000,24000,110000,110000,3090000000
E09000028,Southwark,20000,150000,17000,172000,172000,2630000000
E09000029,Sutton,13000,88000,23000,112000,112000,973000000
E09000030,Tower Hamlets,16000,151000,8000,166000,166000,2340000000
E09000031,Waltham Forest,27000,121000,18000,152000,152000,1170000000
E09000032,Wandsworth,24000,174000,19000,202000,202000,4700000000
E09000033,Westminster,13000,90000,15000,110000,110000,4940000000
E06000036,Bracknell Forest UA,7000,58000,18000,74000,74000,693000000
E06000043,Brighton and Hove UA,21000,115000,35000,152000,152000,1250000000
E06000060,Buckinghamshire UA,38000,249000,97000,340000,340000,4220000000
E06000046,Isle of Wight UA,8000,46000,30000,73000,73000,327000000
E06000035,Medway Towns UA,18000,115000,37000,152000,152000,839000000
E06000042,Milton Keynes UA,13000,132000,32000,162000,162000,1170000000
E06000044,Portsmouth UA,11000,81000,24000,105000,105000,515000000
E06000038,Reading UA,8000,80000,16000,96000,96000,770000000
E06000039,Slough UA,9000,68000,9000,79000,79000,468000000
E06000045,Southampton UA,12000,98000,27000,125000,125000,580000000
E06000037,West Berkshire UA,10000,74000,26000,98000,98000,1020000000
E06000040,Windsor and Maidenhead UA,9000,65000,25000,88000,88000,1440000000
E06000041,Wokingham UA,9000,86000,29000,112000,112000,1360000000
E07000061,Eastbourne,7000,36000,20000,55000,55000,260000000
E07000062,Hastings,6000,33000,10000,43000,43000,190000000
E07000063,Lewes,8000,38000,21000,57000,57000,434000000
E07000064,Rother,7000,29000,21000,48000,48000,334000000
E07000065,Wealden,14000,63000,34000,96000,96000,858000000
E07000084,Basingstoke and Deane,10000,89000,29000,115000,115000,1030000000
E07000085,East Hampshire,10000,50000,24000,72000,72000,755000000
E07000086,Eastleigh,9000,62000,24000,85000,85000,538000000
E07000087,Fareham,7000,49000,22000,69000,69000,467000000
E07000088,Gosport,4000,31000,13000,42000,42000,184000000
E07000089,Hart,6000,45000,17000,60000,60000,745000000
E07000090,Havant,7000,45000,26000,70000,70000,361000000
E07000091,New Forest,10000,64000,42000,101000,101000,724000000
E07000092,Rushmoor,5000,48000,10000,58000,58000,341000000
E07000093,Test Valley,7000,60000,23000,81000,81000,724000000
E07000094,Winchester,9000,55000,25000,77000,77000,991000000
E07000105,Ashford,9000,57000,24000,80000,80000,554000000
E07000106,Canterbury,10000,52000,25000,77000,77000,521000000
E07000107,Dartford,7000,51000,12000,64000,64000,468000000
E07000108,Dover,7000,43000,24000,64000,64000,324000000
E07000112,Folkestone and Hythe,6000,37000,22000,57000,57000,330000000
E07000109,Gravesham,7000,44000,13000,57000,57000,363000000
E07000110,Maidstone,11000,75000,26000,101000,101000,728000000
E07000111,Sevenoaks,8000,53000,23000,75000,75000,1230000000
E07000113,Swale,9000,59000,23000,81000,81000,434000000
E07000114,Thanet,8000,46000,23000,68000,68000,336000000
E07000115,Tonbridge and Malling,9000,57000,21000,77000,77000,825000000
E07000116,Tunbridge Wells,9000,47000,17000,64000,64000,867000000
E07000177,Cherwell,10000,78000,22000,98000,98000,744000000
E07000178,Oxford,8000,65000,15000,80000,80000,727000000
E07000179,South Oxfordshire,10000,67000,25000,91000,91000,1210000000
E07000180,Vale of White Horse,10000,67000,24000,90000,90000,854000000
E07000181,West Oxfordshire,8000,51000,24000,72000,72000,681000000
E07000207,Elmbridge,11000,62000,21000,84000,84000,2420000000
E07000208,Epsom and Ewell,6000,38000,13000,52000,52000,591000000
E07000209,Guildford,10000,66000,22000,88000,88000,1360000000
E07000210,Mole Valley,7000,39000,18000,56000,56000,759000000
E07000211,Reigate and Banstead,10000,68000,23000,91000,91000,1140000000
E07000212,Runnymede,5000,36000,13000,49000,49000,614000000
E07000213,Spelthorne,6000,47000,16000,63000,63000,485000000
E07000214,Surrey Heath,5000,42000,15000,56000,56000,663000000
E07000215,Tandridge,6000,38000,15000,53000,53000,778000000
E07000216,Waverley,10000,55000,24000,77000,77000,1320000000
E07000217,Woking,7000,46000,15000,61000,61000,842000000
E07000223,Adur,5000,24000,12000,37000,37000,198000000
E07000224,Arun,11000,64000,35000,96000,96000,542000000
E07000225,Chichester,9000,45000,25000,68000,68000,708000000
E07000226,Crawley,7000,54000,13000,68000,68000,363000000
E07000227,Horsham,10000,64000,34000,96000,96000,882000000
E07000228,Mid Sussex,10000,68000,25000,92000,92000,959000000
E07000229,Worthing,6000,47000,20000,64000,64000,348000000
E06000022,Bath and North East Somerset UA,13000,74000,34000,107000,107000,881000000
E06000058,"Bournemouth, Christchurch and Poole UA",22000,155000,65000,217000,217000,1300000000
E06000023,Bristol UA,30000,210000,50000,263000,263000,1680000000
E06000052,Cornwall UA,44000,205000,104000,305000,305000,1370000000
E06000059,Dorset UA,26000,142000,86000,216000,216000,1310000000
E06000053,Isles of Scilly UA,0,0,0,0,0,0
E06000024,North Somerset UA,12000,90000,43000,128000,128000,881000000
E06000026,Plymouth UA,11000,109000,43000,144000,144000,615000000
E06000066,Somerset UA,40000,217000,110000,318000,318000,1710000000
E06000025,South Gloucestershire UA,17000,135000,50000,180000,180000,1130000000
E06000030,Swindon UA,11000,102000,27000,128000,128000,752000000
E06000027,Torbay UA,0,0,0,0,0,0
E06000054,Wiltshire UA,32000,214000,95000,294000,294000,2140000000
E07000040,East Devon,11000,57000,40000,92000,92000,518000000
E07000041,Exeter,6000,52000,18000,68000,68000,355000000
E07000042,Mid Devon,7000,32000,16000,46000,46000,397000000
E07000043,North Devon,10000,38000,18000,56000,56000,265000000
E07000044,South Hams,8000,29000,20000,49000,49000,323000000
E07000045,Teignbridge,10000,53000,31000,79000,79000,397000000
E07000046,Torridge,7000,22000,15000,36000,36000,146000000
E07000047,West Devon,4000,18000,15000,31000,31000,164000000
E07000078,Cheltenham,7000,53000,21000,72000,72000,568000000
E07000079,Cotswold,8000,37000,21000,56000,56000,634000000
E07000080,Forest of Dean,5000,31000,17000,46000,46000,223000000
E07000081,Gloucester,6000,56000,20000,74000,74000,305000000
E07000082,Stroud,9000,47000,23000,68000,68000,487000000
E07000083,Tewkesbury,6000,41000,20000,60000,60000,413000000
W06000019,Blaenau Gwent,2000,24000,7000,31000,31000,99000000
W06000013,Bridgend,5000,57000,24000,77000,77000,355000000
W06000018,Caerphilly,8000,66000,27000,89000,89000,366000000
W06000015,Cardiff,15000,143000,37000,174000,174000,1040000000
W06000010,Carmarthenshire,11000,68000,32000,96000,96000,384000000
W06000008,Ceredigion,6000,22000,14000,36000,36000,140000000
W06000003,Conwy,7000,39000,21000,58000,58000,259000000
W06000004,Denbighshire,5000,32000,16000,46000,46000,215000000
W06000005,Flintshire,7000,65000,32000,92000,92000,432000000
W06000002,Gwynedd,9000,46000,21000,64000,64000,255000000
W06000001,Isle of Anglesey,4000,25000,14000,37000,37000,157000000
W06000024,Merthyr Tydfil,2000,22000,9000,30000,30000,113000000
W06000021,Monmouthshire,6000,38000,20000,55000,55000,387000000
W06000012,Neath Port Talbot,4000,51000,22000,70000,70000,269000000
W06000022,Newport,6000,69000,23000,89000,89000,410000000
W06000009,Pembrokeshire,8000,39000,23000,59000,59000,267000000
W06000023,Powys,12000,42000,27000,67000,67000,301000000
W06000016,"Rhondda, Cynon, Taff",9000,87000,35000,119000,119000,479000000
W06000011,Swansea,8000,86000,38000,117000,117000,537000000
W06000014,The Vale of Glamorgan,7000,55000,27000,78000,78000,493000000
W06000020,Torfaen,3000,37000,13000,48000,48000,198000000
W06000006,Wrexham,5000,57000,22000,74000,74000,330000000
S12000033,Aberdeen City,6000,98000,31000,124000,124000,963000000
S12000034,Aberdeenshire,12000,112000,46000,149000,149000,1250000000
S12000041,Angus,6000,46000,22000,65000,65000,344000000
S12000035,Argyll and Bute,6000,33000,20000,51000,51000,292000000
S12000005,Clackmannanshire,2000,20000,8000,27000,27000,154000000
S12000006,Dumfries and Galloway,9000,55000,30000,82000,82000,356000000
S12000042,Dundee City,4000,56000,19000,72000,72000,325000000
S12000008,East Ayrshire,5000,45000,18000,59000,59000,297000000
S12000045,East Dunbartonshire,5000,45000,24000,66000,66000,522000000
S12000010,East Lothian,7000,48000,19000,64000,64000,507000000
S12000011,East Renfrewshire,5000,39000,16000,54000,54000,494000000
S12000036,"Edinburgh, City of",26000,231000,74000,301000,301000,2840000000
S12000014,Falkirk,6000,68000,27000,91000,91000,500000000
S12000047,Fife,16000,141000,76000,204000,204000,1030000000
S12000049,Glasgow City,23000,236000,55000,285000,285000,1580000000
S12000017,Highland,15000,98000,42000,135000,135000,704000000
S12000018,Inverclyde,2000,31000,14000,41000,41000,210000000
S12000019,Midlothian,5000,41000,16000,55000,55000,317000000
S12000020,Moray,4000,38000,16000,51000,51000,280000000
S12000013,Na h-Eileanan Siar,1000,10000,4000,12000,12000,62000000
S12000021,North Ayrshire,4000,51000,22000,69000,69000,339000000
S12000050,North Lanarkshire,11000,135000,42000,170000,170000,851000000
S12000023,Orkney Islands,2000,9000,3000,12000,12000,59000000
S12000048,Perth and Kinross,9000,64000,35000,95000,95000,582000000
S12000038,Renfrewshire,6000,75000,33000,103000,103000,547000000
S12000026,Scottish Borders,8000,45000,24000,66000,66000,353000000
S12000027,Shetland Islands,1000,11000,4000,13000,13000,79000000
S12000028,South Ayrshire,4000,43000,24000,63000,63000,357000000
S12000029,South Lanarkshire,13000,140000,49000,182000,182000,1080000000
S12000030,Stirling,5000,38000,17000,53000,53000,422000000
S12000039,West Dunbartonshire,3000,38000,11000,47000,47000,226000000
S12000040,West Lothian,7000,83000,27000,104000,104000,587000000
N09000001,Antrim and Newtownabbey,7000,59000,18000,74000,74000,354000000
N09000011,Ards and North Down,9000,56000,27000,79000,79000,423000000
N09000002,"Armagh City, Banbridge and Craigavon",13000,83000,25000,106000,106000,491000000
N09000003,Belfast,11000,136000,31000,163000,163000,803000000
N09000004,Causeway Coast and Glens,10000,46000,17000,63000,63000,269000000
N09000005,Derry City and Strabane,8000,49000,15000,63000,63000,264000000
N09000006,Fermanagh and Omagh,8000,41000,14000,53000,53000,205000000
N09000007,Lisburn and Castlereagh,8000,58000,19000,75000,75000,471000000
N09000009,Mid Ulster,10000,57000,14000,71000,71000,306000000
N09000008,Mid and East Antrim,7000,55000,22000,73000,73000,311000000
N09000010,"Newry, Mourne and Down",13000,59000,20000,78000,78000,350000000
